Time,spei[unit:]
1984-01-05 00:00:00 UTC,0.8830932378768921
1984-01-10 00:00:00 UTC,0.8009920120239258
1984-01-15 00:00:00 UTC,1.1036648750305176
1984-01-20 00:00:00 UTC,1.1048414707183838
1984-01-25 00:00:00 UTC,1.278869867324829
1984-01-30 00:00:00 UTC,1.6551504135131836
1984-02-04 00:00:00 UTC,1.6426329612731934
1984-02-09 00:00:00 UTC,1.3906354904174805
1984-02-14 00:00:00 UTC,1.522448182106018
1984-02-19 00:00:00 UTC,1.2809303998947144
1984-02-24 00:00:00 UTC,1.0324766635894775
1984-02-29 00:00:00 UTC,0.8743047118186951
1984-03-05 00:00:00 UTC,0.7677212357521057
1984-03-10 00:00:00 UTC,0.8198791742324829
1984-03-15 00:00:00 UTC,0.7525761723518372
1984-03-20 00:00:00 UTC,0.7998298406600952
1984-03-25 00:00:00 UTC,0.9381734132766724
1984-03-30 00:00:00 UTC,0.9930791854858398
1984-04-04 00:00:00 UTC,1.1653286218643188
1984-04-09 00:00:00 UTC,1.1862473487854004
1984-04-14 00:00:00 UTC,0.9012622833251953
1984-04-19 00:00:00 UTC,0.9695433974266052
1984-04-24 00:00:00 UTC,1.0778992176055908
1984-04-29 00:00:00 UTC,1.3493404388427734
1984-05-04 00:00:00 UTC,1.1984398365020752
1984-05-09 00:00:00 UTC,1.1804988384246826
1984-05-14 00:00:00 UTC,0.9700748324394226
1984-05-19 00:00:00 UTC,0.8237823247909546
1984-05-24 00:00:00 UTC,0.6919810771942139
1984-05-29 00:00:00 UTC,0.5860612988471985
1984-06-03 00:00:00 UTC,0.5890758037567139
1984-06-08 00:00:00 UTC,0.6407881379127502
1984-06-13 00:00:00 UTC,0.6388651132583618
1984-06-18 00:00:00 UTC,0.6439064741134644
1984-06-23 00:00:00 UTC,0.36105626821517944
1984-06-28 00:00:00 UTC,0.20482276380062103
1984-07-03 00:00:00 UTC,0.20369115471839905
1984-07-08 00:00:00 UTC,0.1336173415184021
1984-07-13 00:00:00 UTC,0.10838887840509415
1984-07-18 00:00:00 UTC,0.092900350689888
1984-07-23 00:00:00 UTC,-0.28720906376838684
1984-07-28 00:00:00 UTC,-0.31178125739097595
1984-08-02 00:00:00 UTC,-0.16763976216316223
1984-08-07 00:00:00 UTC,-0.1706973910331726
1984-08-12 00:00:00 UTC,-0.07209300249814987
1984-08-17 00:00:00 UTC,0.13090428709983826
1984-08-22 00:00:00 UTC,0.8066018223762512
1984-08-27 00:00:00 UTC,0.8785249590873718
1984-09-01 00:00:00 UTC,0.86746746301651
1984-09-06 00:00:00 UTC,0.8108960390090942
1984-09-11 00:00:00 UTC,0.5574480295181274
1984-09-16 00:00:00 UTC,0.4368283748626709
1984-09-21 00:00:00 UTC,0.35808733105659485
1984-09-26 00:00:00 UTC,0.31579282879829407
1984-10-01 00:00:00 UTC,0.36647918820381165
1984-10-06 00:00:00 UTC,1.0714622735977173
1984-10-11 00:00:00 UTC,0.8821898102760315
1984-10-16 00:00:00 UTC,1.3198879957199097
1984-10-21 00:00:00 UTC,1.6313837766647339
1984-10-26 00:00:00 UTC,1.702379822731018
1984-10-31 00:00:00 UTC,1.3443852663040161
1984-11-05 00:00:00 UTC,1.393044352531433
1984-11-10 00:00:00 UTC,1.403289794921875
1984-11-15 00:00:00 UTC,1.2858697175979614
1984-11-20 00:00:00 UTC,0.747890293598175
1984-11-25 00:00:00 UTC,0.735236644744873
1984-11-30 00:00:00 UTC,0.8437212705612183
1984-12-05 00:00:00 UTC,0.9463071823120117
1984-12-10 00:00:00 UTC,1.1176295280456543
1984-12-15 00:00:00 UTC,1.3624240159988403
1984-12-20 00:00:00 UTC,1.44227135181427
1984-12-25 00:00:00 UTC,1.4407885074615479
1984-12-30 00:00:00 UTC,1.2842333316802979
1985-01-05 00:00:00 UTC,0.6058430075645447
1985-01-10 00:00:00 UTC,0.7095540761947632
1985-01-15 00:00:00 UTC,0.044584792107343674
1985-01-20 00:00:00 UTC,-0.12799528241157532
1985-01-25 00:00:00 UTC,-0.09053157269954681
1985-01-30 00:00:00 UTC,0.07099534571170807
1985-02-04 00:00:00 UTC,0.27008482813835144
1985-02-09 00:00:00 UTC,0.3424674868583679
1985-02-14 00:00:00 UTC,0.4821164906024933
1985-02-19 00:00:00 UTC,0.44283273816108704
1985-02-24 00:00:00 UTC,0.38079771399497986
1985-03-01 00:00:00 UTC,0.33703505992889404
1985-03-06 00:00:00 UTC,0.20392125844955444
1985-03-11 00:00:00 UTC,0.35370126366615295
1985-03-16 00:00:00 UTC,0.26817357540130615
1985-03-21 00:00:00 UTC,0.09991178661584854
1985-03-26 00:00:00 UTC,0.018241358920931816
1985-03-31 00:00:00 UTC,0.4285326302051544
1985-04-05 00:00:00 UTC,0.2778526544570923
1985-04-10 00:00:00 UTC,0.053255368024110794
1985-04-15 00:00:00 UTC,-0.09495941549539566
1985-04-20 00:00:00 UTC,-0.26450273394584656
1985-04-25 00:00:00 UTC,-0.11889961361885071
1985-04-30 00:00:00 UTC,0.2166222780942917
1985-05-05 00:00:00 UTC,0.018570400774478912
1985-05-10 00:00:00 UTC,-0.05000273510813713
1985-05-15 00:00:00 UTC,0.23180724680423737
1985-05-20 00:00:00 UTC,0.4619091749191284
1985-05-25 00:00:00 UTC,0.5215271711349487
1985-05-30 00:00:00 UTC,0.37753361463546753
1985-06-04 00:00:00 UTC,0.4008839726448059
1985-06-09 00:00:00 UTC,0.3312884569168091
1985-06-14 00:00:00 UTC,0.17386431992053986
1985-06-19 00:00:00 UTC,0.14186635613441467
1985-06-24 00:00:00 UTC,0.12882933020591736
1985-06-29 00:00:00 UTC,0.020481811836361885
1985-07-04 00:00:00 UTC,0.0485573410987854
1985-07-09 00:00:00 UTC,0.037332963198423386
1985-07-14 00:00:00 UTC,0.11627299338579178
1985-07-19 00:00:00 UTC,0.5440205931663513
1985-07-24 00:00:00 UTC,0.6436561346054077
1985-07-29 00:00:00 UTC,0.382490336894989
1985-08-03 00:00:00 UTC,0.4317992627620697
1985-08-08 00:00:00 UTC,0.2333228439092636
1985-08-13 00:00:00 UTC,-0.04254549369215965
1985-08-18 00:00:00 UTC,-0.2936764061450958
1985-08-23 00:00:00 UTC,-0.5162822604179382
1985-08-28 00:00:00 UTC,-0.4862918555736542
1985-09-02 00:00:00 UTC,-0.5794592499732971
1985-09-07 00:00:00 UTC,-0.5633081793785095
1985-09-12 00:00:00 UTC,-0.30996406078338623
1985-09-17 00:00:00 UTC,-0.2987561523914337
1985-09-22 00:00:00 UTC,0.03490066155791283
1985-09-27 00:00:00 UTC,0.05269255116581917
1985-10-02 00:00:00 UTC,0.3388137221336365
1985-10-07 00:00:00 UTC,0.38839414715766907
1985-10-12 00:00:00 UTC,0.6301537156105042
1985-10-17 00:00:00 UTC,0.23349104821681976
1985-10-22 00:00:00 UTC,-0.04688793793320656
1985-10-27 00:00:00 UTC,-0.20203939080238342
1985-11-01 00:00:00 UTC,-0.30478453636169434
1985-11-06 00:00:00 UTC,-0.20179004967212677
1985-11-11 00:00:00 UTC,0.11831921339035034
1985-11-16 00:00:00 UTC,0.4923858940601349
1985-11-21 00:00:00 UTC,0.8184216618537903
1985-11-26 00:00:00 UTC,1.1266660690307617
1985-12-01 00:00:00 UTC,1.2590726613998413
1985-12-06 00:00:00 UTC,1.2919931411743164
1985-12-11 00:00:00 UTC,1.602684736251831
1985-12-16 00:00:00 UTC,1.7010010480880737
1985-12-21 00:00:00 UTC,1.323936939239502
1985-12-26 00:00:00 UTC,1.11310875415802
1985-12-31 00:00:00 UTC,0.7925412058830261
1986-01-05 00:00:00 UTC,0.8522284626960754
1986-01-10 00:00:00 UTC,0.6255508661270142
1986-01-15 00:00:00 UTC,0.5213809609413147
1986-01-20 00:00:00 UTC,0.5136343836784363
1986-01-25 00:00:00 UTC,0.5750815868377686
1986-01-30 00:00:00 UTC,0.3801756203174591
1986-02-04 00:00:00 UTC,0.30574551224708557
1986-02-09 00:00:00 UTC,0.1857876479625702
1986-02-14 00:00:00 UTC,0.010125000961124897
1986-02-19 00:00:00 UTC,-0.26447734236717224
1986-02-24 00:00:00 UTC,-0.20244163274765015
1986-03-01 00:00:00 UTC,-0.6790751218795776
1986-03-06 00:00:00 UTC,-0.8808200359344482
1986-03-11 00:00:00 UTC,-1.3170956373214722
1986-03-16 00:00:00 UTC,-1.3039499521255493
1986-03-21 00:00:00 UTC,-1.0262888669967651
1986-03-26 00:00:00 UTC,-1.1711417436599731
1986-03-31 00:00:00 UTC,-1.3228033781051636
1986-04-05 00:00:00 UTC,-0.45906150341033936
1986-04-10 00:00:00 UTC,-0.46987465023994446
1986-04-15 00:00:00 UTC,-0.38871774077415466
1986-04-20 00:00:00 UTC,-0.18665941059589386
1986-04-25 00:00:00 UTC,-0.26176682114601135
1986-04-30 00:00:00 UTC,-0.2490423321723938
1986-05-05 00:00:00 UTC,-0.3785552978515625
1986-05-10 00:00:00 UTC,-0.45981651544570923
1986-05-15 00:00:00 UTC,-0.5776394605636597
1986-05-20 00:00:00 UTC,-0.45925790071487427
1986-05-25 00:00:00 UTC,-0.6771776080131531
1986-05-30 00:00:00 UTC,-0.48740044236183167
1986-06-04 00:00:00 UTC,-0.07352221012115479
1986-06-09 00:00:00 UTC,0.2501521110534668
1986-06-14 00:00:00 UTC,0.14883364737033844
1986-06-19 00:00:00 UTC,0.02361658588051796
1986-06-24 00:00:00 UTC,0.12213370203971863
1986-06-29 00:00:00 UTC,0.40008974075317383
1986-07-04 00:00:00 UTC,-0.0479985810816288
1986-07-09 00:00:00 UTC,0.05559632554650307
1986-07-14 00:00:00 UTC,0.02421661838889122
1986-07-19 00:00:00 UTC,0.1401691734790802
1986-07-24 00:00:00 UTC,0.4556593894958496
1986-07-29 00:00:00 UTC,0.29925402998924255
1986-08-03 00:00:00 UTC,0.439130961894989
1986-08-08 00:00:00 UTC,0.26659873127937317
1986-08-13 00:00:00 UTC,0.2820928990840912
1986-08-18 00:00:00 UTC,0.11376843601465225
1986-08-23 00:00:00 UTC,0.47948867082595825
1986-08-28 00:00:00 UTC,0.3998643755912781
1986-09-02 00:00:00 UTC,0.33254316449165344
1986-09-07 00:00:00 UTC,0.25850605964660645
1986-09-12 00:00:00 UTC,0.26219478249549866
1986-09-17 00:00:00 UTC,0.16863709688186646
1986-09-22 00:00:00 UTC,0.022700278088450432
1986-09-27 00:00:00 UTC,0.07913906872272491
1986-10-02 00:00:00 UTC,0.15750190615653992
1986-10-07 00:00:00 UTC,0.01833253726363182
1986-10-12 00:00:00 UTC,0.3567686676979065
1986-10-17 00:00:00 UTC,0.24473190307617188
1986-10-22 00:00:00 UTC,0.370473176240921
1986-10-27 00:00:00 UTC,0.6306199431419373
1986-11-01 00:00:00 UTC,0.9585605263710022
1986-11-06 00:00:00 UTC,1.0707480907440186
1986-11-11 00:00:00 UTC,1.2985761165618896
1986-11-16 00:00:00 UTC,1.3290812969207764
1986-11-21 00:00:00 UTC,1.2630428075790405
1986-11-26 00:00:00 UTC,1.3414785861968994
1986-12-01 00:00:00 UTC,1.0305513143539429
1986-12-06 00:00:00 UTC,0.8565129041671753
1986-12-11 00:00:00 UTC,1.1035330295562744
1986-12-16 00:00:00 UTC,1.1420444250106812
1986-12-21 00:00:00 UTC,1.3318167924880981
1986-12-26 00:00:00 UTC,1.3237475156784058
1986-12-31 00:00:00 UTC,1.0867278575897217
1987-01-05 00:00:00 UTC,0.9747636318206787
1987-01-10 00:00:00 UTC,0.7043086290359497
1987-01-15 00:00:00 UTC,0.8617136478424072
1987-01-20 00:00:00 UTC,0.7179173231124878
1987-01-25 00:00:00 UTC,0.7906874418258667
1987-01-30 00:00:00 UTC,0.45468538999557495
1987-02-04 00:00:00 UTC,0.23165656626224518
1987-02-09 00:00:00 UTC,0.049249958246946335
1987-02-14 00:00:00 UTC,0.34981489181518555
1987-02-19 00:00:00 UTC,0.7057452201843262
1987-02-24 00:00:00 UTC,0.7886524796485901
1987-03-01 00:00:00 UTC,1.178617000579834
1987-03-06 00:00:00 UTC,0.7083483338356018
1987-03-11 00:00:00 UTC,0.5488775372505188
1987-03-16 00:00:00 UTC,0.7918841242790222
1987-03-21 00:00:00 UTC,0.8029273748397827
1987-03-26 00:00:00 UTC,1.0309350490570068
1987-03-31 00:00:00 UTC,1.21647047996521
1987-04-05 00:00:00 UTC,1.2012025117874146
1987-04-10 00:00:00 UTC,1.1543586254119873
1987-04-15 00:00:00 UTC,1.0626899003982544
1987-04-20 00:00:00 UTC,0.8044930696487427
1987-04-25 00:00:00 UTC,0.376255601644516
1987-04-30 00:00:00 UTC,0.28448420763015747
1987-05-05 00:00:00 UTC,0.7616347074508667
1987-05-10 00:00:00 UTC,0.7114667892456055
1987-05-15 00:00:00 UTC,0.7605989575386047
1987-05-20 00:00:00 UTC,0.71229487657547
1987-05-25 00:00:00 UTC,0.8983978629112244
1987-05-30 00:00:00 UTC,0.7409169673919678
1987-06-04 00:00:00 UTC,0.755792498588562
1987-06-09 00:00:00 UTC,0.833868682384491
1987-06-14 00:00:00 UTC,0.6603395938873291
1987-06-19 00:00:00 UTC,0.6379462480545044
1987-06-24 00:00:00 UTC,0.5432478189468384
1987-06-29 00:00:00 UTC,0.623527467250824
1987-07-04 00:00:00 UTC,0.6803725361824036
1987-07-09 00:00:00 UTC,0.6361633539199829
1987-07-14 00:00:00 UTC,0.5011152625083923
1987-07-19 00:00:00 UTC,0.48432156443595886
1987-07-24 00:00:00 UTC,0.5186576843261719
1987-07-29 00:00:00 UTC,0.48091474175453186
1987-08-03 00:00:00 UTC,0.06020604074001312
1987-08-08 00:00:00 UTC,0.09511460363864899
1987-08-13 00:00:00 UTC,0.07683836668729782
1987-08-18 00:00:00 UTC,-0.2628833055496216
1987-08-23 00:00:00 UTC,-0.29885879158973694
1987-08-28 00:00:00 UTC,-0.09962861984968185
1987-09-02 00:00:00 UTC,-0.007157929707318544
1987-09-07 00:00:00 UTC,-0.16462019085884094
1987-09-12 00:00:00 UTC,-0.2033846080303192
1987-09-17 00:00:00 UTC,-0.13972562551498413
1987-09-22 00:00:00 UTC,-0.21496452391147614
1987-09-27 00:00:00 UTC,-0.4755731225013733
1987-10-02 00:00:00 UTC,-0.5807453393936157
1987-10-07 00:00:00 UTC,-0.5673437118530273
1987-10-12 00:00:00 UTC,-0.8392840623855591
1987-10-17 00:00:00 UTC,-0.5089908242225647
1987-10-22 00:00:00 UTC,-0.36286309361457825
1987-10-27 00:00:00 UTC,-0.3072710633277893
1987-11-01 00:00:00 UTC,-0.24558165669441223
1987-11-06 00:00:00 UTC,-0.3329051733016968
1987-11-11 00:00:00 UTC,-0.33590221405029297
1987-11-16 00:00:00 UTC,-0.03877466544508934
1987-11-21 00:00:00 UTC,-0.1821286827325821
1987-11-26 00:00:00 UTC,-0.26106661558151245
1987-12-01 00:00:00 UTC,-0.21812771260738373
1987-12-06 00:00:00 UTC,-0.37346258759498596
1987-12-11 00:00:00 UTC,-0.44247642159461975
1987-12-16 00:00:00 UTC,-0.32221364974975586
1987-12-21 00:00:00 UTC,-0.23677054047584534
1987-12-26 00:00:00 UTC,-0.026784656569361687
1987-12-31 00:00:00 UTC,0.17142188549041748
1988-01-05 00:00:00 UTC,0.4652153253555298
1988-01-10 00:00:00 UTC,0.7213001847267151
1988-01-15 00:00:00 UTC,0.6560971140861511
1988-01-20 00:00:00 UTC,1.0159685611724854
1988-01-25 00:00:00 UTC,1.0868496894836426
1988-01-30 00:00:00 UTC,1.1128790378570557
1988-02-04 00:00:00 UTC,1.1283953189849854
1988-02-09 00:00:00 UTC,1.2379841804504395
1988-02-14 00:00:00 UTC,1.0140259265899658
1988-02-19 00:00:00 UTC,1.097529649734497
1988-02-24 00:00:00 UTC,0.9401533603668213
1988-02-29 00:00:00 UTC,0.7615642547607422
1988-03-05 00:00:00 UTC,0.9241834878921509
1988-03-10 00:00:00 UTC,0.98920738697052
1988-03-15 00:00:00 UTC,0.9750742316246033
1988-03-20 00:00:00 UTC,0.939116358757019
1988-03-25 00:00:00 UTC,0.4177725613117218
1988-03-30 00:00:00 UTC,0.23354467749595642
1988-04-04 00:00:00 UTC,0.3838373124599457
1988-04-09 00:00:00 UTC,0.2220684140920639
1988-04-14 00:00:00 UTC,0.08221001923084259
1988-04-19 00:00:00 UTC,-0.17348553240299225
1988-04-24 00:00:00 UTC,-0.21155419945716858
1988-04-29 00:00:00 UTC,-0.2943216562271118
1988-05-04 00:00:00 UTC,-0.35144054889678955
1988-05-09 00:00:00 UTC,-0.3536601662635803
1988-05-14 00:00:00 UTC,-0.5910089015960693
1988-05-19 00:00:00 UTC,-0.1441279947757721
1988-05-24 00:00:00 UTC,-0.0024642962962388992
1988-05-29 00:00:00 UTC,-0.11191842705011368
1988-06-03 00:00:00 UTC,-0.19986669719219208
1988-06-08 00:00:00 UTC,-0.34295907616615295
1988-06-13 00:00:00 UTC,-0.29354220628738403
1988-06-18 00:00:00 UTC,-0.2336420714855194
1988-06-23 00:00:00 UTC,-0.12796533107757568
1988-06-28 00:00:00 UTC,0.23933351039886475
1988-07-03 00:00:00 UTC,0.11896315217018127
1988-07-08 00:00:00 UTC,0.36260735988616943
1988-07-13 00:00:00 UTC,0.33824267983436584
1988-07-18 00:00:00 UTC,0.17537865042686462
1988-07-23 00:00:00 UTC,0.16011588275432587
1988-07-28 00:00:00 UTC,0.13855859637260437
1988-08-02 00:00:00 UTC,0.07155940681695938
1988-08-07 00:00:00 UTC,0.2140519767999649
1988-08-12 00:00:00 UTC,0.27259019017219543
1988-08-17 00:00:00 UTC,-0.053944677114486694
1988-08-22 00:00:00 UTC,-0.32867494225502014
1988-08-27 00:00:00 UTC,-0.2520047724246979
1988-09-01 00:00:00 UTC,-0.322142630815506
1988-09-06 00:00:00 UTC,-0.2837736904621124
1988-09-11 00:00:00 UTC,-0.5200793743133545
1988-09-16 00:00:00 UTC,-0.19760242104530334
1988-09-21 00:00:00 UTC,-0.34469884634017944
1988-09-26 00:00:00 UTC,-0.5707423686981201
1988-10-01 00:00:00 UTC,-0.5741807222366333
1988-10-06 00:00:00 UTC,-0.666140615940094
1988-10-11 00:00:00 UTC,-0.6040147542953491
1988-10-16 00:00:00 UTC,-0.7081025242805481
1988-10-21 00:00:00 UTC,-0.7333899736404419
1988-10-26 00:00:00 UTC,-0.9091916084289551
1988-10-31 00:00:00 UTC,-0.9531253576278687
1988-11-05 00:00:00 UTC,-1.2480151653289795
1988-11-10 00:00:00 UTC,-1.1809170246124268
1988-11-15 00:00:00 UTC,-0.9922710061073303
1988-11-20 00:00:00 UTC,-0.929689347743988
1988-11-25 00:00:00 UTC,-0.9038966298103333
1988-11-30 00:00:00 UTC,-0.8743165731430054
1988-12-05 00:00:00 UTC,-0.8659439086914062
1988-12-10 00:00:00 UTC,-0.5970454812049866
1988-12-15 00:00:00 UTC,-0.8718655705451965
1988-12-20 00:00:00 UTC,-0.7539083361625671
1988-12-25 00:00:00 UTC,-0.6993335485458374
1988-12-30 00:00:00 UTC,-0.7308804392814636
1989-01-05 00:00:00 UTC,-0.8163566589355469
1989-01-10 00:00:00 UTC,-0.7255646586418152
1989-01-15 00:00:00 UTC,-0.4581547975540161
1989-01-20 00:00:00 UTC,-0.4412820637226105
1989-01-25 00:00:00 UTC,-0.26453879475593567
1989-01-30 00:00:00 UTC,0.046775542199611664
1989-02-04 00:00:00 UTC,0.4305954575538635
1989-02-09 00:00:00 UTC,0.5052917003631592
1989-02-14 00:00:00 UTC,0.5236088633537292
1989-02-19 00:00:00 UTC,0.43947094678878784
1989-02-24 00:00:00 UTC,0.4583298861980438
1989-03-01 00:00:00 UTC,0.5124713182449341
1989-03-06 00:00:00 UTC,0.5999341011047363
1989-03-11 00:00:00 UTC,0.2820528447628021
1989-03-16 00:00:00 UTC,-0.062083110213279724
1989-03-21 00:00:00 UTC,-0.054917365312576294
1989-03-26 00:00:00 UTC,-0.3040660321712494
1989-03-31 00:00:00 UTC,-0.2322475165128708
1989-04-05 00:00:00 UTC,-0.2043284922838211
1989-04-10 00:00:00 UTC,-0.21253442764282227
1989-04-15 00:00:00 UTC,-0.2907032072544098
1989-04-20 00:00:00 UTC,-0.43237197399139404
1989-04-25 00:00:00 UTC,-0.9014357924461365
1989-04-30 00:00:00 UTC,-0.8587640523910522
1989-05-05 00:00:00 UTC,-0.9778772592544556
1989-05-10 00:00:00 UTC,-1.136550784111023
1989-05-15 00:00:00 UTC,-0.9918617010116577
1989-05-20 00:00:00 UTC,-1.0122123956680298
1989-05-25 00:00:00 UTC,-1.2086893320083618
1989-05-30 00:00:00 UTC,-1.2775269746780396
1989-06-04 00:00:00 UTC,-1.0689282417297363
1989-06-09 00:00:00 UTC,-0.8182017207145691
1989-06-14 00:00:00 UTC,-0.5858977437019348
1989-06-19 00:00:00 UTC,-0.6286729574203491
1989-06-24 00:00:00 UTC,-0.5506798028945923
1989-06-29 00:00:00 UTC,-0.49006497859954834
1989-07-04 00:00:00 UTC,-0.6394709944725037
1989-07-09 00:00:00 UTC,-0.937222957611084
1989-07-14 00:00:00 UTC,-0.8463506102561951
1989-07-19 00:00:00 UTC,-0.8408187031745911
1989-07-24 00:00:00 UTC,-0.4302714169025421
1989-07-29 00:00:00 UTC,-0.4594918191432953
1989-08-03 00:00:00 UTC,-0.2782333195209503
1989-08-08 00:00:00 UTC,-0.21590346097946167
1989-08-13 00:00:00 UTC,-0.18976685404777527
1989-08-18 00:00:00 UTC,-0.10673333704471588
1989-08-23 00:00:00 UTC,-7.207104936242104E-4
1989-08-28 00:00:00 UTC,0.09179708361625671
1989-09-02 00:00:00 UTC,-0.3288613557815552
1989-09-07 00:00:00 UTC,-0.5469793081283569
1989-09-12 00:00:00 UTC,-0.22355042397975922
1989-09-17 00:00:00 UTC,-0.2322707176208496
1989-09-22 00:00:00 UTC,-0.18243783712387085
1989-09-27 00:00:00 UTC,-0.13543199002742767
1989-10-02 00:00:00 UTC,-0.0994638055562973
1989-10-07 00:00:00 UTC,0.13905106484889984
1989-10-12 00:00:00 UTC,-0.17473000288009644
1989-10-17 00:00:00 UTC,0.08908732235431671
1989-10-22 00:00:00 UTC,3.1198005308397114E-4
1989-10-27 00:00:00 UTC,-0.14316757023334503
1989-11-01 00:00:00 UTC,-0.21083851158618927
1989-11-06 00:00:00 UTC,-0.31712085008621216
1989-11-11 00:00:00 UTC,-0.6136034727096558
1989-11-16 00:00:00 UTC,-0.7149259448051453
1989-11-21 00:00:00 UTC,-0.832152247428894
1989-11-26 00:00:00 UTC,-0.7771557569503784
1989-12-01 00:00:00 UTC,-0.6699564456939697
1989-12-06 00:00:00 UTC,-0.6897287964820862
1989-12-11 00:00:00 UTC,-1.0195627212524414
1989-12-16 00:00:00 UTC,-0.7952587008476257
1989-12-21 00:00:00 UTC,-0.8835167288780212
1989-12-26 00:00:00 UTC,-0.99289870262146
1989-12-31 00:00:00 UTC,-0.7861488461494446
1990-01-05 00:00:00 UTC,-0.8362084627151489
1990-01-10 00:00:00 UTC,-0.788230299949646
1990-01-15 00:00:00 UTC,-0.9962013959884644
1990-01-20 00:00:00 UTC,-0.5604120492935181
1990-01-25 00:00:00 UTC,-0.43640244007110596
1990-01-30 00:00:00 UTC,-0.5982630848884583
1990-02-04 00:00:00 UTC,-0.5143187642097473
1990-02-09 00:00:00 UTC,-0.3822770416736603
1990-02-14 00:00:00 UTC,-0.1506502479314804
1990-02-19 00:00:00 UTC,0.12141885608434677
1990-02-24 00:00:00 UTC,0.14327293634414673
1990-03-01 00:00:00 UTC,0.15894827246665955
1990-03-06 00:00:00 UTC,1.0259947776794434
1990-03-11 00:00:00 UTC,0.6993703842163086
1990-03-16 00:00:00 UTC,0.6660301685333252
1990-03-21 00:00:00 UTC,0.4391072988510132
1990-03-26 00:00:00 UTC,0.5351277589797974
1990-03-31 00:00:00 UTC,1.0354431867599487
1990-04-05 00:00:00 UTC,0.9453864097595215
1990-04-10 00:00:00 UTC,1.1177161931991577
1990-04-15 00:00:00 UTC,1.0917460918426514
1990-04-20 00:00:00 UTC,0.8244785070419312
1990-04-25 00:00:00 UTC,0.7098202109336853
1990-04-30 00:00:00 UTC,0.9671376943588257
1990-05-05 00:00:00 UTC,1.15394926071167
1990-05-10 00:00:00 UTC,0.9808122515678406
1990-05-15 00:00:00 UTC,0.9573079943656921
1990-05-20 00:00:00 UTC,0.6738234162330627
1990-05-25 00:00:00 UTC,0.501012921333313
1990-05-30 00:00:00 UTC,0.8030239343643188
1990-06-04 00:00:00 UTC,0.2676101624965668
1990-06-09 00:00:00 UTC,0.2289915531873703
1990-06-14 00:00:00 UTC,-0.014052662998437881
1990-06-19 00:00:00 UTC,-0.0935850590467453
1990-06-24 00:00:00 UTC,-0.18125878274440765
1990-06-29 00:00:00 UTC,-0.5150215029716492
1990-07-04 00:00:00 UTC,-0.5027857422828674
1990-07-09 00:00:00 UTC,-0.19755545258522034
1990-07-14 00:00:00 UTC,0.01477674301713705
1990-07-19 00:00:00 UTC,0.006047356408089399
1990-07-24 00:00:00 UTC,0.29289934039115906
1990-07-29 00:00:00 UTC,0.014187010005116463
1990-08-03 00:00:00 UTC,-0.17053234577178955
1990-08-08 00:00:00 UTC,-0.1550123542547226
1990-08-13 00:00:00 UTC,-0.04418594390153885
1990-08-18 00:00:00 UTC,0.23958736658096313
1990-08-23 00:00:00 UTC,0.37703362107276917
1990-08-28 00:00:00 UTC,0.012727693654596806
1990-09-02 00:00:00 UTC,0.0762789398431778
1990-09-07 00:00:00 UTC,0.2355414628982544
1990-09-12 00:00:00 UTC,0.22999396920204163
1990-09-17 00:00:00 UTC,0.32941028475761414
1990-09-22 00:00:00 UTC,0.6047747731208801
1990-09-27 00:00:00 UTC,0.7817801237106323
1990-10-02 00:00:00 UTC,1.1573716402053833
1990-10-07 00:00:00 UTC,0.7621064782142639
1990-10-12 00:00:00 UTC,0.6754206418991089
1990-10-17 00:00:00 UTC,0.5520180463790894
1990-10-22 00:00:00 UTC,0.5129210352897644
1990-10-27 00:00:00 UTC,0.4324479401111603
1990-11-01 00:00:00 UTC,0.27527469396591187
1990-11-06 00:00:00 UTC,0.7162935733795166
1990-11-11 00:00:00 UTC,0.5936261415481567
1990-11-16 00:00:00 UTC,0.3211783170700073
1990-11-21 00:00:00 UTC,0.13962885737419128
1990-11-26 00:00:00 UTC,0.3449506163597107
1990-12-01 00:00:00 UTC,0.4671943783760071
1990-12-06 00:00:00 UTC,0.39152079820632935
1990-12-11 00:00:00 UTC,0.46482205390930176
1990-12-16 00:00:00 UTC,0.47631821036338806
1990-12-21 00:00:00 UTC,0.3703441321849823
1990-12-26 00:00:00 UTC,0.30339178442955017
1990-12-31 00:00:00 UTC,-0.17845891416072845
1991-01-05 00:00:00 UTC,-0.21569575369358063
1991-01-10 00:00:00 UTC,-0.15428990125656128
1991-01-15 00:00:00 UTC,0.02325025387108326
1991-01-20 00:00:00 UTC,-0.24205073714256287
1991-01-25 00:00:00 UTC,-0.027680575847625732
1991-01-30 00:00:00 UTC,0.19085311889648438
1991-02-04 00:00:00 UTC,-0.7509825825691223
1991-02-09 00:00:00 UTC,-0.7839887738227844
1991-02-14 00:00:00 UTC,-0.7402691841125488
1991-02-19 00:00:00 UTC,-0.5785079598426819
1991-02-24 00:00:00 UTC,-0.41775888204574585
1991-03-01 00:00:00 UTC,-0.5803659558296204
1991-03-06 00:00:00 UTC,-0.45025062561035156
1991-03-11 00:00:00 UTC,-0.359442800283432
1991-03-16 00:00:00 UTC,-0.2977919280529022
1991-03-21 00:00:00 UTC,-0.4363105595111847
1991-03-26 00:00:00 UTC,-0.5508171319961548
1991-03-31 00:00:00 UTC,-0.32168760895729065
1991-04-05 00:00:00 UTC,-0.39545658230781555
1991-04-10 00:00:00 UTC,-0.4534728527069092
1991-04-15 00:00:00 UTC,-0.4404255151748657
1991-04-20 00:00:00 UTC,-0.5770511031150818
1991-04-25 00:00:00 UTC,-0.6045936942100525
1991-04-30 00:00:00 UTC,-0.4484046995639801
1991-05-05 00:00:00 UTC,-0.23620612919330597
1991-05-10 00:00:00 UTC,-0.26152265071868896
1991-05-15 00:00:00 UTC,-0.3687848150730133
1991-05-20 00:00:00 UTC,-0.37488511204719543
1991-05-25 00:00:00 UTC,-0.31385183334350586
1991-05-30 00:00:00 UTC,-0.4469412565231323
1991-06-04 00:00:00 UTC,-0.17986547946929932
1991-06-09 00:00:00 UTC,0.07031401991844177
1991-06-14 00:00:00 UTC,0.1345752775669098
1991-06-19 00:00:00 UTC,0.041767556220293045
1991-06-24 00:00:00 UTC,0.0074661895632743835
1991-06-29 00:00:00 UTC,-0.16067451238632202
1991-07-04 00:00:00 UTC,-0.050628140568733215
1991-07-09 00:00:00 UTC,0.08116418123245239
1991-07-14 00:00:00 UTC,0.03978335112333298
1991-07-19 00:00:00 UTC,0.05606098473072052
1991-07-24 00:00:00 UTC,0.5647615790367126
1991-07-29 00:00:00 UTC,0.368927538394928
1991-08-03 00:00:00 UTC,0.5141654014587402
1991-08-08 00:00:00 UTC,0.6483860015869141
1991-08-13 00:00:00 UTC,0.8429943323135376
1991-08-18 00:00:00 UTC,0.9772728085517883
1991-08-23 00:00:00 UTC,0.8777558207511902
1991-08-28 00:00:00 UTC,1.0458464622497559
1991-09-02 00:00:00 UTC,0.8669862151145935
1991-09-07 00:00:00 UTC,0.7693211436271667
1991-09-12 00:00:00 UTC,0.7414664030075073
1991-09-17 00:00:00 UTC,0.7556594014167786
1991-09-22 00:00:00 UTC,0.6621551513671875
1991-09-27 00:00:00 UTC,0.7379827499389648
1991-10-02 00:00:00 UTC,0.6988810300827026
1991-10-07 00:00:00 UTC,0.6155788898468018
1991-10-12 00:00:00 UTC,0.411344438791275
1991-10-17 00:00:00 UTC,0.22546091675758362
1991-10-22 00:00:00 UTC,-0.3609349727630615
1991-10-27 00:00:00 UTC,-0.34025782346725464
1991-11-01 00:00:00 UTC,-0.2187328189611435
1991-11-06 00:00:00 UTC,-0.23979966342449188
1991-11-11 00:00:00 UTC,-0.34337109327316284
1991-11-16 00:00:00 UTC,-0.09765277802944183
1991-11-21 00:00:00 UTC,0.22373652458190918
1991-11-26 00:00:00 UTC,0.2932458221912384
1991-12-01 00:00:00 UTC,0.4624377489089966
1991-12-06 00:00:00 UTC,0.3898807168006897
1991-12-11 00:00:00 UTC,0.407101571559906
1991-12-16 00:00:00 UTC,0.3827304244041443
1991-12-21 00:00:00 UTC,0.5262770652770996
1991-12-26 00:00:00 UTC,0.5729205012321472
1991-12-31 00:00:00 UTC,0.6670786738395691
1992-01-05 00:00:00 UTC,0.8127370476722717
1992-01-10 00:00:00 UTC,1.1628299951553345
1992-01-15 00:00:00 UTC,1.3710486888885498
1992-01-20 00:00:00 UTC,1.6940826177597046
1992-01-25 00:00:00 UTC,1.7741047143936157
1992-01-30 00:00:00 UTC,1.5302343368530273
1992-02-04 00:00:00 UTC,1.1417156457901
1992-02-09 00:00:00 UTC,1.1291656494140625
1992-02-14 00:00:00 UTC,0.6039847731590271
1992-02-19 00:00:00 UTC,0.23082908987998962
1992-02-24 00:00:00 UTC,0.1379488706588745
1992-02-29 00:00:00 UTC,-0.2080341875553131
1992-03-05 00:00:00 UTC,0.28332388401031494
1992-03-10 00:00:00 UTC,0.5505799055099487
1992-03-15 00:00:00 UTC,0.5352055430412292
1992-03-20 00:00:00 UTC,0.4638284146785736
1992-03-25 00:00:00 UTC,0.5672710537910461
1992-03-30 00:00:00 UTC,0.6196678876876831
1992-04-04 00:00:00 UTC,0.5086216926574707
1992-04-09 00:00:00 UTC,0.20803804695606232
1992-04-14 00:00:00 UTC,-0.018644213676452637
1992-04-19 00:00:00 UTC,0.09921583533287048
1992-04-24 00:00:00 UTC,-0.10255151242017746
1992-04-29 00:00:00 UTC,-0.24259278178215027
1992-05-04 00:00:00 UTC,-0.3988645374774933
1992-05-09 00:00:00 UTC,-0.4517369270324707
1992-05-14 00:00:00 UTC,-0.5252358317375183
1992-05-19 00:00:00 UTC,-0.6968879103660583
1992-05-24 00:00:00 UTC,-0.6874825954437256
1992-05-29 00:00:00 UTC,-0.3677311837673187
1992-06-03 00:00:00 UTC,-0.41835349798202515
1992-06-08 00:00:00 UTC,-0.3537093698978424
1992-06-13 00:00:00 UTC,-0.17063359916210175
1992-06-18 00:00:00 UTC,-0.16319169104099274
1992-06-23 00:00:00 UTC,-0.18201564252376556
1992-06-28 00:00:00 UTC,0.025377266108989716
1992-07-03 00:00:00 UTC,0.11881241202354431
1992-07-08 00:00:00 UTC,0.2190973162651062
1992-07-13 00:00:00 UTC,0.441139280796051
1992-07-18 00:00:00 UTC,0.29842349886894226
1992-07-23 00:00:00 UTC,0.49706175923347473
1992-07-28 00:00:00 UTC,0.7394592761993408
1992-08-02 00:00:00 UTC,0.8123555183410645
1992-08-07 00:00:00 UTC,0.7610564231872559
1992-08-12 00:00:00 UTC,0.8577122688293457
1992-08-17 00:00:00 UTC,1.0863209962844849
1992-08-22 00:00:00 UTC,1.0842913389205933
1992-08-27 00:00:00 UTC,1.6485531330108643
1992-09-01 00:00:00 UTC,1.2826522588729858
1992-09-06 00:00:00 UTC,1.0845882892608643
1992-09-11 00:00:00 UTC,0.7526804804801941
1992-09-16 00:00:00 UTC,0.6474947929382324
1992-09-21 00:00:00 UTC,0.5177324414253235
1992-09-26 00:00:00 UTC,0.27974313497543335
1992-10-01 00:00:00 UTC,0.1941186636686325
1992-10-06 00:00:00 UTC,0.19158048927783966
1992-10-11 00:00:00 UTC,0.02933437004685402
1992-10-16 00:00:00 UTC,-0.15103556215763092
1992-10-21 00:00:00 UTC,-0.31082531809806824
1992-10-26 00:00:00 UTC,-0.4617319703102112
1992-10-31 00:00:00 UTC,-0.3065241277217865
1992-11-05 00:00:00 UTC,-0.1311151683330536
1992-11-10 00:00:00 UTC,-0.11323893815279007
1992-11-15 00:00:00 UTC,-0.14812161028385162
1992-11-20 00:00:00 UTC,0.04271847754716873
1992-11-25 00:00:00 UTC,-0.5297158360481262
1992-11-30 00:00:00 UTC,-0.5112618207931519
1992-12-05 00:00:00 UTC,-0.28836217522621155
1992-12-10 00:00:00 UTC,-0.1441251039505005
1992-12-15 00:00:00 UTC,0.13211993873119354
1992-12-20 00:00:00 UTC,0.22081519663333893
1992-12-25 00:00:00 UTC,0.26511451601982117
1992-12-30 00:00:00 UTC,0.43636995553970337
1993-01-05 00:00:00 UTC,0.504753828048706
1993-01-10 00:00:00 UTC,0.8144921660423279
1993-01-15 00:00:00 UTC,0.9873383641242981
1993-01-20 00:00:00 UTC,1.271601676940918
1993-01-25 00:00:00 UTC,1.5039876699447632
1993-01-30 00:00:00 UTC,1.4115644693374634
1993-02-04 00:00:00 UTC,1.176443338394165
1993-02-09 00:00:00 UTC,1.0548373460769653
1993-02-14 00:00:00 UTC,1.350058913230896
1993-02-19 00:00:00 UTC,1.2478868961334229
1993-02-24 00:00:00 UTC,1.2465332746505737
1993-03-01 00:00:00 UTC,1.4000669717788696
1993-03-06 00:00:00 UTC,1.0585991144180298
1993-03-11 00:00:00 UTC,1.2464402914047241
1993-03-16 00:00:00 UTC,0.949554979801178
1993-03-21 00:00:00 UTC,0.9552027583122253
1993-03-26 00:00:00 UTC,0.9238627552986145
1993-03-31 00:00:00 UTC,1.1413109302520752
1993-04-05 00:00:00 UTC,1.2359485626220703
1993-04-10 00:00:00 UTC,1.1733813285827637
1993-04-15 00:00:00 UTC,1.1953006982803345
1993-04-20 00:00:00 UTC,1.2028117179870605
1993-04-25 00:00:00 UTC,0.8839020133018494
1993-04-30 00:00:00 UTC,0.8000209927558899
1993-05-05 00:00:00 UTC,0.5311562418937683
1993-05-10 00:00:00 UTC,0.5092541575431824
1993-05-15 00:00:00 UTC,0.38129034638404846
1993-05-20 00:00:00 UTC,0.42470502853393555
1993-05-25 00:00:00 UTC,0.38274282217025757
1993-05-30 00:00:00 UTC,0.3163573145866394
1993-06-04 00:00:00 UTC,0.39847850799560547
1993-06-09 00:00:00 UTC,0.3321230113506317
1993-06-14 00:00:00 UTC,0.23473845422267914
1993-06-19 00:00:00 UTC,0.4742932915687561
1993-06-24 00:00:00 UTC,0.45800352096557617
1993-06-29 00:00:00 UTC,0.11809791624546051
1993-07-04 00:00:00 UTC,-0.0742599219083786
1993-07-09 00:00:00 UTC,-0.19931933283805847
1993-07-14 00:00:00 UTC,-0.21337531507015228
1993-07-19 00:00:00 UTC,-0.2525372803211212
1993-07-24 00:00:00 UTC,-0.20987153053283691
1993-07-29 00:00:00 UTC,-0.4088042676448822
1993-08-03 00:00:00 UTC,-0.4151729941368103
1993-08-08 00:00:00 UTC,-0.3776668906211853
1993-08-13 00:00:00 UTC,-0.32094889879226685
1993-08-18 00:00:00 UTC,-0.5082878470420837
1993-08-23 00:00:00 UTC,-0.4228824973106384
1993-08-28 00:00:00 UTC,-0.22351887822151184
1993-09-02 00:00:00 UTC,-0.16196253895759583
1993-09-07 00:00:00 UTC,-0.033073194324970245
1993-09-12 00:00:00 UTC,-0.07550694048404694
1993-09-17 00:00:00 UTC,-0.1663135290145874
1993-09-22 00:00:00 UTC,-0.15347164869308472
1993-09-27 00:00:00 UTC,0.02124333754181862
1993-10-02 00:00:00 UTC,0.06762460619211197
1993-10-07 00:00:00 UTC,0.11387917399406433
1993-10-12 00:00:00 UTC,0.08632266521453857
1993-10-17 00:00:00 UTC,0.3796193599700928
1993-10-22 00:00:00 UTC,0.5494776368141174
1993-10-27 00:00:00 UTC,0.7792415618896484
1993-11-01 00:00:00 UTC,0.8880149126052856
1993-11-06 00:00:00 UTC,0.9168882369995117
1993-11-11 00:00:00 UTC,0.8002259731292725
1993-11-16 00:00:00 UTC,1.2032839059829712
1993-11-21 00:00:00 UTC,1.1939173936843872
1993-11-26 00:00:00 UTC,1.0201103687286377
1993-12-01 00:00:00 UTC,0.8677417039871216
1993-12-06 00:00:00 UTC,0.5641806125640869
1993-12-11 00:00:00 UTC,0.5907109379768372
1993-12-16 00:00:00 UTC,0.3715892434120178
1993-12-21 00:00:00 UTC,0.4815458059310913
1993-12-26 00:00:00 UTC,0.5023233294487
1993-12-31 00:00:00 UTC,0.6489619612693787
1994-01-05 00:00:00 UTC,0.6094521284103394
1994-01-10 00:00:00 UTC,0.4756842255592346
1994-01-15 00:00:00 UTC,0.21661590039730072
1994-01-20 00:00:00 UTC,0.11793505400419235
1994-01-25 00:00:00 UTC,0.08786088973283768
1994-01-30 00:00:00 UTC,0.25587430596351624
1994-02-04 00:00:00 UTC,0.1419110745191574
1994-02-09 00:00:00 UTC,0.15780629217624664
1994-02-14 00:00:00 UTC,-0.3715571165084839
1994-02-19 00:00:00 UTC,-0.44141799211502075
1994-02-24 00:00:00 UTC,-0.4107963740825653
1994-03-01 00:00:00 UTC,-0.33935752511024475
1994-03-06 00:00:00 UTC,-0.4947790801525116
1994-03-11 00:00:00 UTC,-0.14246271550655365
1994-03-16 00:00:00 UTC,-0.1964903622865677
1994-03-21 00:00:00 UTC,-0.46857836842536926
1994-03-26 00:00:00 UTC,-0.42103874683380127
1994-03-31 00:00:00 UTC,-0.300873726606369
1994-04-05 00:00:00 UTC,-0.07361064106225967
1994-04-10 00:00:00 UTC,0.35399338603019714
1994-04-15 00:00:00 UTC,0.40062767267227173
1994-04-20 00:00:00 UTC,0.22221119701862335
1994-04-25 00:00:00 UTC,0.09050283581018448
1994-04-30 00:00:00 UTC,0.054624710232019424
1994-05-05 00:00:00 UTC,0.013368967920541763
1994-05-10 00:00:00 UTC,0.14036262035369873
1994-05-15 00:00:00 UTC,0.16494230926036835
1994-05-20 00:00:00 UTC,-0.038650065660476685
1994-05-25 00:00:00 UTC,-0.021816276013851166
1994-05-30 00:00:00 UTC,0.11995696276426315
1994-06-04 00:00:00 UTC,-0.009054665453732014
1994-06-09 00:00:00 UTC,-0.07397878170013428
1994-06-14 00:00:00 UTC,-0.3364678919315338
1994-06-19 00:00:00 UTC,-0.10858705639839172
1994-06-24 00:00:00 UTC,-0.06404713541269302
1994-06-29 00:00:00 UTC,-0.2674362361431122
1994-07-04 00:00:00 UTC,-0.41419121623039246
1994-07-09 00:00:00 UTC,-0.7783595323562622
1994-07-14 00:00:00 UTC,-0.8976560235023499
1994-07-19 00:00:00 UTC,-0.8015404939651489
1994-07-24 00:00:00 UTC,-0.6913880705833435
1994-07-29 00:00:00 UTC,-1.088708519935608
1994-08-03 00:00:00 UTC,-1.0174336433410645
1994-08-08 00:00:00 UTC,-1.0595124959945679
1994-08-13 00:00:00 UTC,-0.9305970668792725
1994-08-18 00:00:00 UTC,-0.8570763468742371
1994-08-23 00:00:00 UTC,-1.0610710382461548
1994-08-28 00:00:00 UTC,-1.098275899887085
1994-09-02 00:00:00 UTC,-0.9980460405349731
1994-09-07 00:00:00 UTC,-0.8959950804710388
1994-09-12 00:00:00 UTC,-0.7481171488761902
1994-09-17 00:00:00 UTC,-0.7810491323471069
1994-09-22 00:00:00 UTC,-0.9037479162216187
1994-09-27 00:00:00 UTC,-0.7202616333961487
1994-10-02 00:00:00 UTC,-0.5081021785736084
1994-10-07 00:00:00 UTC,-0.1892809122800827
1994-10-12 00:00:00 UTC,-0.1662111133337021
1994-10-17 00:00:00 UTC,0.17959432303905487
1994-10-22 00:00:00 UTC,0.1904425472021103
1994-10-27 00:00:00 UTC,0.23947887122631073
1994-11-01 00:00:00 UTC,0.08032434433698654
1994-11-06 00:00:00 UTC,0.28909745812416077
1994-11-11 00:00:00 UTC,0.1827450394630432
1994-11-16 00:00:00 UTC,0.1558789610862732
1994-11-21 00:00:00 UTC,0.4262605309486389
1994-11-26 00:00:00 UTC,0.4873948097229004
1994-12-01 00:00:00 UTC,0.14796192944049835
1994-12-06 00:00:00 UTC,0.1809890866279602
1994-12-11 00:00:00 UTC,0.3855403959751129
1994-12-16 00:00:00 UTC,0.4637620151042938
1994-12-21 00:00:00 UTC,0.2689073085784912
1994-12-26 00:00:00 UTC,0.22674953937530518
1994-12-31 00:00:00 UTC,0.30923300981521606
1995-01-05 00:00:00 UTC,0.0016139415092766285
1995-01-10 00:00:00 UTC,0.06955262273550034
1995-01-15 00:00:00 UTC,-0.35496655106544495
1995-01-20 00:00:00 UTC,-0.2820320427417755
1995-01-25 00:00:00 UTC,-0.20244163274765015
1995-01-30 00:00:00 UTC,0.00648509943857789
1995-02-04 00:00:00 UTC,-0.2624495327472687
1995-02-09 00:00:00 UTC,-0.33870866894721985
1995-02-14 00:00:00 UTC,0.06808474659919739
1995-02-19 00:00:00 UTC,-0.3107997477054596
1995-02-24 00:00:00 UTC,-0.4176107943058014
1995-03-01 00:00:00 UTC,-0.29620563983917236
1995-03-06 00:00:00 UTC,-0.18687748908996582
1995-03-11 00:00:00 UTC,-0.3070446848869324
1995-03-16 00:00:00 UTC,-0.34009841084480286
1995-03-21 00:00:00 UTC,-0.37423214316368103
1995-03-26 00:00:00 UTC,-0.28678858280181885
1995-03-31 00:00:00 UTC,-0.10534751415252686
1995-04-05 00:00:00 UTC,-0.32659730315208435
1995-04-10 00:00:00 UTC,-0.055774372071027756
1995-04-15 00:00:00 UTC,-0.019398357719182968
1995-04-20 00:00:00 UTC,0.3974333107471466
1995-04-25 00:00:00 UTC,0.6178327798843384
1995-04-30 00:00:00 UTC,0.7374110221862793
1995-05-05 00:00:00 UTC,0.8201903700828552
1995-05-10 00:00:00 UTC,1.0274726152420044
1995-05-15 00:00:00 UTC,0.840231716632843
1995-05-20 00:00:00 UTC,1.261871576309204
1995-05-25 00:00:00 UTC,1.4394292831420898
1995-05-30 00:00:00 UTC,1.796631097793579
1995-06-04 00:00:00 UTC,1.9623432159423828
1995-06-09 00:00:00 UTC,1.9776902198791504
1995-06-14 00:00:00 UTC,1.9331129789352417
1995-06-19 00:00:00 UTC,1.9456520080566406
1995-06-24 00:00:00 UTC,1.9603208303451538
1995-06-29 00:00:00 UTC,1.965857982635498
1995-07-04 00:00:00 UTC,2.0898971557617188
1995-07-09 00:00:00 UTC,1.8972162008285522
1995-07-14 00:00:00 UTC,1.887895941734314
1995-07-19 00:00:00 UTC,1.9313517808914185
1995-07-24 00:00:00 UTC,1.9046001434326172
1995-07-29 00:00:00 UTC,1.8841054439544678
1995-08-03 00:00:00 UTC,1.9008320569992065
1995-08-08 00:00:00 UTC,1.7741047143936157
1995-08-13 00:00:00 UTC,1.494776964187622
1995-08-18 00:00:00 UTC,0.9648265242576599
1995-08-23 00:00:00 UTC,0.9144011735916138
1995-08-28 00:00:00 UTC,0.4746006429195404
1995-09-02 00:00:00 UTC,0.1896045207977295
1995-09-07 00:00:00 UTC,-0.003332790220156312
1995-09-12 00:00:00 UTC,0.1652594804763794
1995-09-17 00:00:00 UTC,0.010459061712026596
1995-09-22 00:00:00 UTC,0.09556486457586288
1995-09-27 00:00:00 UTC,-0.13459348678588867
1995-10-02 00:00:00 UTC,-0.3537275791168213
1995-10-07 00:00:00 UTC,-0.2311840057373047
1995-10-12 00:00:00 UTC,-0.4033788740634918
1995-10-17 00:00:00 UTC,-0.7215955257415771
1995-10-22 00:00:00 UTC,-0.7374833226203918
1995-10-27 00:00:00 UTC,-0.493870347738266
1995-11-01 00:00:00 UTC,-0.40112176537513733
1995-11-06 00:00:00 UTC,-0.18611396849155426
1995-11-11 00:00:00 UTC,-0.02752753533422947
1995-11-16 00:00:00 UTC,-0.012252828106284142
1995-11-21 00:00:00 UTC,-0.2034851610660553
1995-11-26 00:00:00 UTC,-0.3683060109615326
1995-12-01 00:00:00 UTC,-0.27716171741485596
1995-12-06 00:00:00 UTC,-0.5878843069076538
1995-12-11 00:00:00 UTC,-0.7017225027084351
1995-12-16 00:00:00 UTC,-0.7522140741348267
1995-12-21 00:00:00 UTC,-1.1545186042785645
1995-12-26 00:00:00 UTC,-1.322757363319397
1995-12-31 00:00:00 UTC,-1.4335453510284424
1996-01-05 00:00:00 UTC,-1.2271839380264282
1996-01-10 00:00:00 UTC,-1.0277284383773804
1996-01-15 00:00:00 UTC,-0.9904072880744934
1996-01-20 00:00:00 UTC,-0.880905270576477
1996-01-25 00:00:00 UTC,-0.818645715713501
1996-01-30 00:00:00 UTC,-0.754472553730011
1996-02-04 00:00:00 UTC,-0.6490262746810913
1996-02-09 00:00:00 UTC,-0.980018138885498
1996-02-14 00:00:00 UTC,-1.0063642263412476
1996-02-19 00:00:00 UTC,-1.1433862447738647
1996-02-24 00:00:00 UTC,-1.040911316871643
1996-02-29 00:00:00 UTC,-0.8971877098083496
1996-03-05 00:00:00 UTC,-0.9077154994010925
1996-03-10 00:00:00 UTC,-0.6323702335357666
1996-03-15 00:00:00 UTC,-0.0400267019867897
1996-03-20 00:00:00 UTC,-0.06621639430522919
1996-03-25 00:00:00 UTC,-0.033170610666275024
1996-03-30 00:00:00 UTC,-0.20316413044929504
1996-04-04 00:00:00 UTC,-0.3230384588241577
1996-04-09 00:00:00 UTC,-0.38211628794670105
1996-04-14 00:00:00 UTC,-0.17622876167297363
1996-04-19 00:00:00 UTC,-0.4050855338573456
1996-04-24 00:00:00 UTC,-0.6121866703033447
1996-04-29 00:00:00 UTC,-0.7124354839324951
1996-05-04 00:00:00 UTC,-0.8634694218635559
1996-05-09 00:00:00 UTC,-0.696833610534668
1996-05-14 00:00:00 UTC,-0.8218966722488403
1996-05-19 00:00:00 UTC,-0.9605057239532471
1996-05-24 00:00:00 UTC,-0.9802262783050537
1996-05-29 00:00:00 UTC,-0.44552043080329895
1996-06-03 00:00:00 UTC,-0.4918297529220581
1996-06-08 00:00:00 UTC,-0.5963936448097229
1996-06-13 00:00:00 UTC,-0.6823709607124329
1996-06-18 00:00:00 UTC,-0.5517773628234863
1996-06-23 00:00:00 UTC,-0.4802088439464569
1996-06-28 00:00:00 UTC,-0.372965931892395
1996-07-03 00:00:00 UTC,-0.4099636673927307
1996-07-08 00:00:00 UTC,-0.3108066916465759
1996-07-13 00:00:00 UTC,-0.17930981516838074
1996-07-18 00:00:00 UTC,-0.12123662233352661
1996-07-23 00:00:00 UTC,-0.02781740017235279
1996-07-28 00:00:00 UTC,-0.014902819879353046
1996-08-02 00:00:00 UTC,0.23561878502368927
1996-08-07 00:00:00 UTC,0.07795380055904388
1996-08-12 00:00:00 UTC,0.24577394127845764
1996-08-17 00:00:00 UTC,0.3379707932472229
1996-08-22 00:00:00 UTC,0.3748010993003845
1996-08-27 00:00:00 UTC,0.028462639078497887
1996-09-01 00:00:00 UTC,0.24819864332675934
1996-09-06 00:00:00 UTC,0.3591628670692444
1996-09-11 00:00:00 UTC,0.29025739431381226
1996-09-16 00:00:00 UTC,0.2760942578315735
1996-09-21 00:00:00 UTC,0.3927205204963684
1996-09-26 00:00:00 UTC,0.6656462550163269
1996-10-01 00:00:00 UTC,0.5746229290962219
1996-10-06 00:00:00 UTC,0.5417511463165283
1996-10-11 00:00:00 UTC,0.10289762914180756
1996-10-16 00:00:00 UTC,-0.08328957855701447
1996-10-21 00:00:00 UTC,0.12490461021661758
1996-10-26 00:00:00 UTC,0.32038161158561707
1996-10-31 00:00:00 UTC,0.3751380741596222
1996-11-05 00:00:00 UTC,0.543049693107605
1996-11-10 00:00:00 UTC,0.619767427444458
1996-11-15 00:00:00 UTC,0.5892384648323059
1996-11-20 00:00:00 UTC,0.6456296443939209
1996-11-25 00:00:00 UTC,0.5311973094940186
1996-11-30 00:00:00 UTC,0.5230322480201721
1996-12-05 00:00:00 UTC,0.5081060528755188
1996-12-10 00:00:00 UTC,0.5593425631523132
1996-12-15 00:00:00 UTC,0.26041433215141296
1996-12-20 00:00:00 UTC,-0.04572753980755806
1996-12-25 00:00:00 UTC,-0.34349361062049866
1996-12-30 00:00:00 UTC,-0.4327683746814728
1997-01-05 00:00:00 UTC,-0.4854711890220642
1997-01-10 00:00:00 UTC,-0.13266156613826752
1997-01-15 00:00:00 UTC,0.22989973425865173
1997-01-20 00:00:00 UTC,0.34232857823371887
1997-01-25 00:00:00 UTC,-0.061198774725198746
1997-01-30 00:00:00 UTC,-0.11661989241838455
1997-02-04 00:00:00 UTC,-0.2228715866804123
1997-02-09 00:00:00 UTC,-0.033166661858558655
1997-02-14 00:00:00 UTC,-0.04089559242129326
1997-02-19 00:00:00 UTC,-0.013264111243188381
1997-02-24 00:00:00 UTC,0.17163370549678802
1997-03-01 00:00:00 UTC,0.21775394678115845
1997-03-06 00:00:00 UTC,0.15187864005565643
1997-03-11 00:00:00 UTC,0.1182870864868164
1997-03-16 00:00:00 UTC,0.1263580620288849
1997-03-21 00:00:00 UTC,-0.22036844491958618
1997-03-26 00:00:00 UTC,-0.250097393989563
1997-03-31 00:00:00 UTC,-0.25957953929901123
1997-04-05 00:00:00 UTC,0.029154222458600998
1997-04-10 00:00:00 UTC,-0.0320347435772419
1997-04-15 00:00:00 UTC,-0.16197575628757477
1997-04-20 00:00:00 UTC,-0.29572612047195435
1997-04-25 00:00:00 UTC,0.1555478274822235
1997-04-30 00:00:00 UTC,0.2050945907831192
1997-05-05 00:00:00 UTC,0.13294276595115662
1997-05-10 00:00:00 UTC,0.01730097085237503
1997-05-15 00:00:00 UTC,-0.07965104281902313
1997-05-20 00:00:00 UTC,-0.07911556214094162
1997-05-25 00:00:00 UTC,-0.02188674546778202
1997-05-30 00:00:00 UTC,-0.0011438524816185236
1997-06-04 00:00:00 UTC,0.04642535746097565
1997-06-09 00:00:00 UTC,0.6398440003395081
1997-06-14 00:00:00 UTC,0.7741804718971252
1997-06-19 00:00:00 UTC,0.9524510502815247
1997-06-24 00:00:00 UTC,1.0568335056304932
1997-06-29 00:00:00 UTC,1.003369927406311
1997-07-04 00:00:00 UTC,0.8912580013275146
1997-07-09 00:00:00 UTC,0.7445698976516724
1997-07-14 00:00:00 UTC,0.584033191204071
1997-07-19 00:00:00 UTC,0.6324719190597534
1997-07-24 00:00:00 UTC,0.20554277300834656
1997-07-29 00:00:00 UTC,0.4066151976585388
1997-08-03 00:00:00 UTC,0.6274716854095459
1997-08-08 00:00:00 UTC,1.1003574132919312
1997-08-13 00:00:00 UTC,1.471929669380188
1997-08-18 00:00:00 UTC,1.7157212495803833
1997-08-23 00:00:00 UTC,1.3519985675811768
1997-08-28 00:00:00 UTC,1.2067610025405884
1997-09-02 00:00:00 UTC,1.3772790431976318
1997-09-07 00:00:00 UTC,0.9769455790519714
1997-09-12 00:00:00 UTC,0.8320379853248596
1997-09-17 00:00:00 UTC,0.6698141694068909
1997-09-22 00:00:00 UTC,1.1271740198135376
1997-09-27 00:00:00 UTC,1.090384840965271
1997-10-02 00:00:00 UTC,1.111079216003418
1997-10-07 00:00:00 UTC,1.195485234260559
1997-10-12 00:00:00 UTC,1.4393999576568604
1997-10-17 00:00:00 UTC,1.4455904960632324
1997-10-22 00:00:00 UTC,1.4227018356323242
1997-10-27 00:00:00 UTC,1.5097246170043945
1997-11-01 00:00:00 UTC,1.446569800376892
1997-11-06 00:00:00 UTC,1.1160348653793335
1997-11-11 00:00:00 UTC,0.9215862154960632
1997-11-16 00:00:00 UTC,0.9850181341171265
1997-11-21 00:00:00 UTC,1.21815025806427
1997-11-26 00:00:00 UTC,1.1608225107192993
1997-12-01 00:00:00 UTC,1.2917473316192627
1997-12-06 00:00:00 UTC,1.20421302318573
1997-12-11 00:00:00 UTC,1.6407474279403687
1997-12-16 00:00:00 UTC,1.5920789241790771
1997-12-21 00:00:00 UTC,1.0126349925994873
1997-12-26 00:00:00 UTC,1.055260181427002
1997-12-31 00:00:00 UTC,1.4521416425704956
1998-01-05 00:00:00 UTC,1.5902910232543945
1998-01-10 00:00:00 UTC,1.5800164937973022
1998-01-15 00:00:00 UTC,1.3442070484161377
1998-01-20 00:00:00 UTC,1.3246926069259644
1998-01-25 00:00:00 UTC,0.6343247294425964
1998-01-30 00:00:00 UTC,0.6228187680244446
1998-02-04 00:00:00 UTC,0.6637359857559204
1998-02-09 00:00:00 UTC,0.5392280220985413
1998-02-14 00:00:00 UTC,0.4667178988456726
1998-02-19 00:00:00 UTC,0.6367498636245728
1998-02-24 00:00:00 UTC,0.6994234919548035
1998-03-01 00:00:00 UTC,0.27319422364234924
1998-03-06 00:00:00 UTC,0.14869475364685059
1998-03-11 00:00:00 UTC,0.10143435001373291
1998-03-16 00:00:00 UTC,0.2009609192609787
1998-03-21 00:00:00 UTC,0.5537739992141724
1998-03-26 00:00:00 UTC,0.38692039251327515
1998-03-31 00:00:00 UTC,0.5452033281326294
1998-04-05 00:00:00 UTC,0.5723313689231873
1998-04-10 00:00:00 UTC,0.6616739630699158
1998-04-15 00:00:00 UTC,0.7228564620018005
1998-04-20 00:00:00 UTC,0.9246612787246704
1998-04-25 00:00:00 UTC,0.6969333291053772
1998-04-30 00:00:00 UTC,0.7612723112106323
1998-05-05 00:00:00 UTC,0.5385547876358032
1998-05-10 00:00:00 UTC,0.5258745551109314
1998-05-15 00:00:00 UTC,0.4562859535217285
1998-05-20 00:00:00 UTC,0.11852496862411499
1998-05-25 00:00:00 UTC,0.11015070974826813
1998-05-30 00:00:00 UTC,-0.1089121401309967
1998-06-04 00:00:00 UTC,-0.3038838803768158
1998-06-09 00:00:00 UTC,-0.2938196361064911
1998-06-14 00:00:00 UTC,-0.24805499613285065
1998-06-19 00:00:00 UTC,-0.44441738724708557
1998-06-24 00:00:00 UTC,-0.4423998296260834
1998-06-29 00:00:00 UTC,-0.6313318610191345
1998-07-04 00:00:00 UTC,-0.6056125164031982
1998-07-09 00:00:00 UTC,-0.4120556116104126
1998-07-14 00:00:00 UTC,-0.5760586261749268
1998-07-19 00:00:00 UTC,-0.840847373008728
1998-07-24 00:00:00 UTC,-0.5132805705070496
1998-07-29 00:00:00 UTC,-0.12059373408555984
1998-08-03 00:00:00 UTC,0.25025299191474915
1998-08-08 00:00:00 UTC,0.06868069618940353
1998-08-13 00:00:00 UTC,0.29900622367858887
1998-08-18 00:00:00 UTC,0.40236911177635193
1998-08-23 00:00:00 UTC,0.3462938070297241
1998-08-28 00:00:00 UTC,0.6162299513816833
1998-09-02 00:00:00 UTC,0.8089537024497986
1998-09-07 00:00:00 UTC,0.6602010130882263
1998-09-12 00:00:00 UTC,0.550815761089325
1998-09-17 00:00:00 UTC,0.43733805418014526
1998-09-22 00:00:00 UTC,0.4051545560359955
1998-09-27 00:00:00 UTC,0.5285988450050354
1998-10-02 00:00:00 UTC,0.6562597751617432
1998-10-07 00:00:00 UTC,0.5939667820930481
1998-10-12 00:00:00 UTC,0.49731385707855225
1998-10-17 00:00:00 UTC,0.6005644798278809
1998-10-22 00:00:00 UTC,0.3686366677284241
1998-10-27 00:00:00 UTC,0.2826635539531708
1998-11-01 00:00:00 UTC,0.2785258889198303
1998-11-06 00:00:00 UTC,0.42490124702453613
1998-11-11 00:00:00 UTC,0.5808579921722412
1998-11-16 00:00:00 UTC,0.539696455001831
1998-11-21 00:00:00 UTC,0.5491344332695007
1998-11-26 00:00:00 UTC,0.35236066579818726
1998-12-01 00:00:00 UTC,0.1955415904521942
1998-12-06 00:00:00 UTC,0.2905157208442688
1998-12-11 00:00:00 UTC,0.4315839111804962
1998-12-16 00:00:00 UTC,0.46232345700263977
1998-12-21 00:00:00 UTC,0.6113373041152954
1998-12-26 00:00:00 UTC,0.7249059677124023
1998-12-31 00:00:00 UTC,0.3109833300113678
1999-01-05 00:00:00 UTC,0.20885621011257172
1999-01-10 00:00:00 UTC,0.3520016670227051
1999-01-15 00:00:00 UTC,0.3953551948070526
1999-01-20 00:00:00 UTC,0.36211663484573364
1999-01-25 00:00:00 UTC,0.2934475839138031
1999-01-30 00:00:00 UTC,-0.1880524754524231
1999-02-04 00:00:00 UTC,-0.6364485025405884
1999-02-09 00:00:00 UTC,-1.2411020994186401
1999-02-14 00:00:00 UTC,-1.2277307510375977
1999-02-19 00:00:00 UTC,-1.1921828985214233
1999-02-24 00:00:00 UTC,-1.030385971069336
1999-03-01 00:00:00 UTC,-1.1750316619873047
1999-03-06 00:00:00 UTC,-1.1630043983459473
1999-03-11 00:00:00 UTC,-1.2452727556228638
1999-03-16 00:00:00 UTC,-1.19209623336792
1999-03-21 00:00:00 UTC,-1.3378820419311523
1999-03-26 00:00:00 UTC,-1.340882420539856
1999-03-31 00:00:00 UTC,-1.6842628717422485
1999-04-05 00:00:00 UTC,-1.1493582725524902
1999-04-10 00:00:00 UTC,-1.3058772087097168
1999-04-15 00:00:00 UTC,-0.8820081353187561
1999-04-20 00:00:00 UTC,-0.9984472990036011
1999-04-25 00:00:00 UTC,-0.3124973773956299
1999-04-30 00:00:00 UTC,0.6013109683990479
1999-05-05 00:00:00 UTC,1.034355878829956
1999-05-10 00:00:00 UTC,0.9391462802886963
1999-05-15 00:00:00 UTC,0.9259800910949707
1999-05-20 00:00:00 UTC,0.8738680481910706
1999-05-25 00:00:00 UTC,1.0745681524276733
1999-05-30 00:00:00 UTC,1.1689411401748657
1999-06-04 00:00:00 UTC,1.1869893074035645
1999-06-09 00:00:00 UTC,1.1427433490753174
1999-06-14 00:00:00 UTC,1.208409309387207
1999-06-19 00:00:00 UTC,1.2980434894561768
1999-06-24 00:00:00 UTC,1.4653196334838867
1999-06-29 00:00:00 UTC,1.3452067375183105
1999-07-04 00:00:00 UTC,1.359316110610962
1999-07-09 00:00:00 UTC,1.368979573249817
1999-07-14 00:00:00 UTC,1.3404889106750488
1999-07-19 00:00:00 UTC,1.4185622930526733
1999-07-24 00:00:00 UTC,1.3405828475952148
1999-07-29 00:00:00 UTC,0.8007041811943054
1999-08-03 00:00:00 UTC,0.7664735317230225
1999-08-08 00:00:00 UTC,1.0888328552246094
1999-08-13 00:00:00 UTC,1.017724871635437
1999-08-18 00:00:00 UTC,1.1041542291641235
1999-08-23 00:00:00 UTC,0.9897456169128418
1999-08-28 00:00:00 UTC,0.9732922911643982
1999-09-02 00:00:00 UTC,1.1581734418869019
1999-09-07 00:00:00 UTC,1.3693372011184692
1999-09-12 00:00:00 UTC,0.9810692667961121
1999-09-17 00:00:00 UTC,0.8819059133529663
1999-09-22 00:00:00 UTC,0.890888512134552
1999-09-27 00:00:00 UTC,0.9202591776847839
1999-10-02 00:00:00 UTC,1.0137568712234497
1999-10-07 00:00:00 UTC,1.1065131425857544
1999-10-12 00:00:00 UTC,0.978500247001648
1999-10-17 00:00:00 UTC,0.6922113299369812
1999-10-22 00:00:00 UTC,0.6476632952690125
1999-10-27 00:00:00 UTC,0.6847947239875793
1999-11-01 00:00:00 UTC,0.08652529120445251
1999-11-06 00:00:00 UTC,-0.6197139620780945
1999-11-11 00:00:00 UTC,-0.6490451097488403
1999-11-16 00:00:00 UTC,-0.6508169770240784
1999-11-21 00:00:00 UTC,-0.9306806325912476
1999-11-26 00:00:00 UTC,-0.8422549366950989
1999-12-01 00:00:00 UTC,-1.122876763343811
1999-12-06 00:00:00 UTC,-0.7661920189857483
1999-12-11 00:00:00 UTC,-0.7203627824783325
1999-12-16 00:00:00 UTC,-0.7576152086257935
1999-12-21 00:00:00 UTC,-0.8408100605010986
1999-12-26 00:00:00 UTC,-0.8891783952713013
1999-12-31 00:00:00 UTC,-1.3125773668289185
2000-01-05 00:00:00 UTC,-1.3421097993850708
2000-01-10 00:00:00 UTC,-1.1163827180862427
2000-01-15 00:00:00 UTC,-1.2396000623703003
2000-01-20 00:00:00 UTC,-1.3295615911483765
2000-01-25 00:00:00 UTC,-1.1571061611175537
2000-01-30 00:00:00 UTC,-0.9305341839790344
2000-02-04 00:00:00 UTC,-0.8157901167869568
2000-02-09 00:00:00 UTC,-0.7841842770576477
2000-02-14 00:00:00 UTC,-0.5271795988082886
2000-02-19 00:00:00 UTC,-0.3960726857185364
2000-02-24 00:00:00 UTC,-0.5881483554840088
2000-02-29 00:00:00 UTC,-0.555267333984375
2000-03-05 00:00:00 UTC,-0.7692840099334717
2000-03-10 00:00:00 UTC,-0.5460770130157471
2000-03-15 00:00:00 UTC,-0.34495800733566284
2000-03-20 00:00:00 UTC,-0.14315180480480194
2000-03-25 00:00:00 UTC,0.10601409524679184
2000-03-30 00:00:00 UTC,0.34197232127189636
2000-04-04 00:00:00 UTC,0.5678962469100952
2000-04-09 00:00:00 UTC,0.33976414799690247
2000-04-14 00:00:00 UTC,0.3095104694366455
2000-04-19 00:00:00 UTC,0.19647493958473206
2000-04-24 00:00:00 UTC,0.04086031764745712
2000-04-29 00:00:00 UTC,-0.17303305864334106
2000-05-04 00:00:00 UTC,-0.08930092304944992
2000-05-09 00:00:00 UTC,0.043321121484041214
2000-05-14 00:00:00 UTC,-0.1881224364042282
2000-05-19 00:00:00 UTC,-0.216459259390831
2000-05-24 00:00:00 UTC,-0.3353751301765442
2000-05-29 00:00:00 UTC,-0.45590904355049133
2000-06-03 00:00:00 UTC,-0.5791487097740173
2000-06-08 00:00:00 UTC,-0.8029941320419312
2000-06-13 00:00:00 UTC,-0.9302656054496765
2000-06-18 00:00:00 UTC,-0.9497479200363159
2000-06-23 00:00:00 UTC,-1.081489086151123
2000-06-28 00:00:00 UTC,-0.9208446145057678
2000-07-03 00:00:00 UTC,-1.0126501321792603
2000-07-08 00:00:00 UTC,-1.032938838005066
2000-07-13 00:00:00 UTC,-0.9735079407691956
2000-07-18 00:00:00 UTC,-0.7317829132080078
2000-07-23 00:00:00 UTC,-0.7653841972351074
2000-07-28 00:00:00 UTC,-0.9144763946533203
2000-08-02 00:00:00 UTC,-0.9546607136726379
2000-08-07 00:00:00 UTC,-1.0732548236846924
2000-08-12 00:00:00 UTC,-1.125052571296692
2000-08-17 00:00:00 UTC,-1.0995378494262695
2000-08-22 00:00:00 UTC,-0.9331499934196472
2000-08-27 00:00:00 UTC,-0.8194409012794495
2000-09-01 00:00:00 UTC,-0.5897741317749023
2000-09-06 00:00:00 UTC,-0.5558913946151733
2000-09-11 00:00:00 UTC,-0.559220016002655
2000-09-16 00:00:00 UTC,-0.7582835555076599
2000-09-21 00:00:00 UTC,-0.6732388734817505
2000-09-26 00:00:00 UTC,-0.5327796339988708
2000-10-01 00:00:00 UTC,-0.5230107307434082
2000-10-06 00:00:00 UTC,-0.41916248202323914
2000-10-11 00:00:00 UTC,-0.4999397099018097
2000-10-16 00:00:00 UTC,-0.902564525604248
2000-10-21 00:00:00 UTC,-0.8335175514221191
2000-10-26 00:00:00 UTC,-0.4950711131095886
2000-10-31 00:00:00 UTC,-0.012759147211909294
2000-11-05 00:00:00 UTC,0.15908217430114746
2000-11-10 00:00:00 UTC,0.3604970872402191
2000-11-15 00:00:00 UTC,0.28253602981567383
2000-11-20 00:00:00 UTC,0.1686459183692932
2000-11-25 00:00:00 UTC,0.1378866732120514
2000-11-30 00:00:00 UTC,0.11463430523872375
2000-12-05 00:00:00 UTC,0.25409451127052307
2000-12-10 00:00:00 UTC,0.41080713272094727
2000-12-15 00:00:00 UTC,0.6653940081596375
2000-12-20 00:00:00 UTC,0.6536118984222412
2000-12-25 00:00:00 UTC,0.28931912779808044
2000-12-30 00:00:00 UTC,0.3843880295753479
2001-01-05 00:00:00 UTC,0.34939122200012207
2001-01-10 00:00:00 UTC,0.27721071243286133
2001-01-15 00:00:00 UTC,0.43685659766197205
2001-01-20 00:00:00 UTC,0.6342411637306213
2001-01-25 00:00:00 UTC,0.48765644431114197
2001-01-30 00:00:00 UTC,0.5212074518203735
2001-02-04 00:00:00 UTC,0.3282622694969177
2001-02-09 00:00:00 UTC,0.22448526322841644
2001-02-14 00:00:00 UTC,0.3053094446659088
2001-02-19 00:00:00 UTC,0.18519704043865204
2001-02-24 00:00:00 UTC,0.16601601243019104
2001-03-01 00:00:00 UTC,0.3777575194835663
2001-03-06 00:00:00 UTC,0.32000648975372314
2001-03-11 00:00:00 UTC,0.6027798652648926
2001-03-16 00:00:00 UTC,0.7114831209182739
2001-03-21 00:00:00 UTC,0.8077700138092041
2001-03-26 00:00:00 UTC,0.828311026096344
2001-03-31 00:00:00 UTC,0.8925844430923462
2001-04-05 00:00:00 UTC,0.722634494304657
2001-04-10 00:00:00 UTC,0.833873450756073
2001-04-15 00:00:00 UTC,1.0273517370224
2001-04-20 00:00:00 UTC,0.6697715520858765
2001-04-25 00:00:00 UTC,0.6804810166358948
2001-04-30 00:00:00 UTC,0.2368251085281372
2001-05-05 00:00:00 UTC,0.9391922950744629
2001-05-10 00:00:00 UTC,0.6952788233757019
2001-05-15 00:00:00 UTC,0.5292238593101501
2001-05-20 00:00:00 UTC,0.6998102068901062
2001-05-25 00:00:00 UTC,0.6229022145271301
2001-05-30 00:00:00 UTC,0.5601481199264526
2001-06-04 00:00:00 UTC,0.5391139984130859
2001-06-09 00:00:00 UTC,0.26790377497673035
2001-06-14 00:00:00 UTC,0.16996075212955475
2001-06-19 00:00:00 UTC,0.0066569773480296135
2001-06-24 00:00:00 UTC,-0.09238793700933456
2001-06-29 00:00:00 UTC,-0.08179766684770584
2001-07-04 00:00:00 UTC,0.13512924313545227
2001-07-09 00:00:00 UTC,0.10227380692958832
2001-07-14 00:00:00 UTC,0.21044830977916718
2001-07-19 00:00:00 UTC,0.21801987290382385
2001-07-24 00:00:00 UTC,0.14624084532260895
2001-07-29 00:00:00 UTC,0.1639455407857895
2001-08-03 00:00:00 UTC,-0.4419703781604767
2001-08-08 00:00:00 UTC,-0.3363655209541321
2001-08-13 00:00:00 UTC,-0.1293603628873825
2001-08-18 00:00:00 UTC,-0.23413477838039398
2001-08-23 00:00:00 UTC,-0.2558092772960663
2001-08-28 00:00:00 UTC,-0.3779633343219757
2001-09-02 00:00:00 UTC,-0.3762928545475006
2001-09-07 00:00:00 UTC,-0.43279126286506653
2001-09-12 00:00:00 UTC,-0.320730060338974
2001-09-17 00:00:00 UTC,-0.05364003777503967
2001-09-22 00:00:00 UTC,-0.15209335088729858
2001-09-27 00:00:00 UTC,-0.09336275607347488
2001-10-02 00:00:00 UTC,-0.0780356377363205
2001-10-07 00:00:00 UTC,-0.17315788567066193
2001-10-12 00:00:00 UTC,-0.46212273836135864
2001-10-17 00:00:00 UTC,-0.4113715589046478
2001-10-22 00:00:00 UTC,-0.561103880405426
2001-10-27 00:00:00 UTC,-0.6578172445297241
2001-11-01 00:00:00 UTC,-0.8642657995223999
2001-11-06 00:00:00 UTC,-0.9223719239234924
2001-11-11 00:00:00 UTC,-0.945502519607544
2001-11-16 00:00:00 UTC,-1.0735106468200684
2001-11-21 00:00:00 UTC,-1.1649643182754517
2001-11-26 00:00:00 UTC,-0.8056076169013977
2001-12-01 00:00:00 UTC,-0.7055176496505737
2001-12-06 00:00:00 UTC,-0.7923689484596252
2001-12-11 00:00:00 UTC,-0.8088314533233643
2001-12-16 00:00:00 UTC,-0.8315930962562561
2001-12-21 00:00:00 UTC,-0.8240727186203003
2001-12-26 00:00:00 UTC,-0.8171168565750122
2001-12-31 00:00:00 UTC,-0.7441977858543396
2002-01-05 00:00:00 UTC,-0.696970522403717
2002-01-10 00:00:00 UTC,-0.6495001316070557
2002-01-15 00:00:00 UTC,-0.6751948595046997
2002-01-20 00:00:00 UTC,-0.5306026339530945
2002-01-25 00:00:00 UTC,-0.3504314720630646
2002-01-30 00:00:00 UTC,-0.17143651843070984
2002-02-04 00:00:00 UTC,-0.055161621421575546
2002-02-09 00:00:00 UTC,-0.24358974397182465
2002-02-14 00:00:00 UTC,-0.27626368403434753
2002-02-19 00:00:00 UTC,-0.3476302921772003
2002-02-24 00:00:00 UTC,-0.8097280859947205
2002-03-01 00:00:00 UTC,-0.6341179013252258
2002-03-06 00:00:00 UTC,-0.6617680788040161
2002-03-11 00:00:00 UTC,-0.6931061148643494
2002-03-16 00:00:00 UTC,-0.7370571494102478
2002-03-21 00:00:00 UTC,-0.6534144878387451
2002-03-26 00:00:00 UTC,-0.5883539915084839
2002-03-31 00:00:00 UTC,-0.8228880763053894
2002-04-05 00:00:00 UTC,-1.0461639165878296
2002-04-10 00:00:00 UTC,-1.141487956047058
2002-04-15 00:00:00 UTC,-1.4022432565689087
2002-04-20 00:00:00 UTC,-1.6284706592559814
2002-04-25 00:00:00 UTC,-1.7183732986450195
2002-04-30 00:00:00 UTC,-1.9390524625778198
2002-05-05 00:00:00 UTC,-1.9481494426727295
2002-05-10 00:00:00 UTC,-1.6899911165237427
2002-05-15 00:00:00 UTC,-1.8881115913391113
2002-05-20 00:00:00 UTC,-1.8310856819152832
2002-05-25 00:00:00 UTC,-1.7979216575622559
2002-05-30 00:00:00 UTC,-1.7957451343536377
2002-06-04 00:00:00 UTC,-1.6157251596450806
2002-06-09 00:00:00 UTC,-1.82856285572052
2002-06-14 00:00:00 UTC,-1.7612018585205078
2002-06-19 00:00:00 UTC,-1.8559173345565796
2002-06-24 00:00:00 UTC,-1.9364100694656372
2002-06-29 00:00:00 UTC,-1.9098875522613525
2002-07-04 00:00:00 UTC,-1.8734867572784424
2002-07-09 00:00:00 UTC,-1.952035903930664
2002-07-14 00:00:00 UTC,-1.9384137392044067
2002-07-19 00:00:00 UTC,-1.9423102140426636
2002-07-24 00:00:00 UTC,-1.7884955406188965
2002-07-29 00:00:00 UTC,-1.622959017753601
2002-08-03 00:00:00 UTC,-1.8723102807998657
2002-08-08 00:00:00 UTC,-1.6266006231307983
2002-08-13 00:00:00 UTC,-1.606142282485962
2002-08-18 00:00:00 UTC,-1.6237702369689941
2002-08-23 00:00:00 UTC,-1.64223051071167
2002-08-28 00:00:00 UTC,-1.8496242761611938
2002-09-02 00:00:00 UTC,-1.8574926853179932
2002-09-07 00:00:00 UTC,-1.8212445974349976
2002-09-12 00:00:00 UTC,-1.6330413818359375
2002-09-17 00:00:00 UTC,-1.6024914979934692
2002-09-22 00:00:00 UTC,-1.47856605052948
2002-09-27 00:00:00 UTC,-1.1855790615081787
2002-10-02 00:00:00 UTC,-0.9433444142341614
2002-10-07 00:00:00 UTC,-0.9460510611534119
2002-10-12 00:00:00 UTC,-0.9655910730361938
2002-10-17 00:00:00 UTC,-0.8085554242134094
2002-10-22 00:00:00 UTC,-0.8594250082969666
2002-10-27 00:00:00 UTC,-0.5009469389915466
2002-11-01 00:00:00 UTC,-0.06669074296951294
2002-11-06 00:00:00 UTC,-0.08950407058000565
2002-11-11 00:00:00 UTC,0.23200738430023193
2002-11-16 00:00:00 UTC,0.4325563907623291
2002-11-21 00:00:00 UTC,0.4824666976928711
2002-11-26 00:00:00 UTC,0.5288631916046143
2002-12-01 00:00:00 UTC,0.4922410845756531
2002-12-06 00:00:00 UTC,0.7625659704208374
2002-12-11 00:00:00 UTC,0.15847568213939667
2002-12-16 00:00:00 UTC,0.1433878242969513
2002-12-21 00:00:00 UTC,0.05161399021744728
2002-12-26 00:00:00 UTC,0.01914347894489765
2002-12-31 00:00:00 UTC,-0.17124556005001068
2003-01-05 00:00:00 UTC,-0.2497212439775467
2003-01-10 00:00:00 UTC,-0.11139003187417984
2003-01-15 00:00:00 UTC,-0.04721380025148392
2003-01-20 00:00:00 UTC,-0.051396287977695465
2003-01-25 00:00:00 UTC,-0.40847718715667725
2003-01-30 00:00:00 UTC,-0.952271044254303
2003-02-04 00:00:00 UTC,-1.0476106405258179
2003-02-09 00:00:00 UTC,-1.0222619771957397
2003-02-14 00:00:00 UTC,-1.0666683912277222
2003-02-19 00:00:00 UTC,-0.8538205623626709
2003-02-24 00:00:00 UTC,-0.7225151062011719
2003-03-01 00:00:00 UTC,-0.3100009560585022
2003-03-06 00:00:00 UTC,-0.40394800901412964
2003-03-11 00:00:00 UTC,-0.5432854294776917
2003-03-16 00:00:00 UTC,-0.7180386781692505
2003-03-21 00:00:00 UTC,0.571018397808075
2003-03-26 00:00:00 UTC,0.548464834690094
2003-03-31 00:00:00 UTC,0.6583741307258606
2003-04-05 00:00:00 UTC,0.48299530148506165
2003-04-10 00:00:00 UTC,0.5869200229644775
2003-04-15 00:00:00 UTC,0.49110886454582214
2003-04-20 00:00:00 UTC,0.6544802188873291
2003-04-25 00:00:00 UTC,0.7321996092796326
2003-04-30 00:00:00 UTC,0.7365707159042358
2003-05-05 00:00:00 UTC,0.48930060863494873
2003-05-10 00:00:00 UTC,0.5640389919281006
2003-05-15 00:00:00 UTC,0.5571705102920532
2003-05-20 00:00:00 UTC,0.4778999090194702
2003-05-25 00:00:00 UTC,0.45163193345069885
2003-05-30 00:00:00 UTC,0.1811535507440567
2003-06-04 00:00:00 UTC,0.34153929352760315
2003-06-09 00:00:00 UTC,0.6681381464004517
2003-06-14 00:00:00 UTC,0.7152678370475769
2003-06-19 00:00:00 UTC,0.37765055894851685
2003-06-24 00:00:00 UTC,0.3130854666233063
2003-06-29 00:00:00 UTC,0.36224600672721863
2003-07-04 00:00:00 UTC,0.3936738967895508
2003-07-09 00:00:00 UTC,0.2733882963657379
2003-07-14 00:00:00 UTC,0.16950255632400513
2003-07-19 00:00:00 UTC,-0.05387353524565697
2003-07-24 00:00:00 UTC,-0.4443722069263458
2003-07-29 00:00:00 UTC,-0.2983601689338684
2003-08-03 00:00:00 UTC,-0.3564307987689972
2003-08-08 00:00:00 UTC,-0.5609335899353027
2003-08-13 00:00:00 UTC,-0.6651626825332642
2003-08-18 00:00:00 UTC,-0.659493088722229
2003-08-23 00:00:00 UTC,-0.7137320637702942
2003-08-28 00:00:00 UTC,-0.6150288581848145
2003-09-02 00:00:00 UTC,-0.4429945945739746
2003-09-07 00:00:00 UTC,-0.3965049684047699
2003-09-12 00:00:00 UTC,-0.3172755241394043
2003-09-17 00:00:00 UTC,-0.6996041536331177
2003-09-22 00:00:00 UTC,-0.7979346513748169
2003-09-27 00:00:00 UTC,-0.9972150325775146
2003-10-02 00:00:00 UTC,-0.7710098624229431
2003-10-07 00:00:00 UTC,-0.5509191155433655
2003-10-12 00:00:00 UTC,-0.5589759349822998
2003-10-17 00:00:00 UTC,-0.5474124550819397
2003-10-22 00:00:00 UTC,-0.6187806129455566
2003-10-27 00:00:00 UTC,-0.954609215259552
2003-11-01 00:00:00 UTC,-0.8588932156562805
2003-11-06 00:00:00 UTC,-0.6603999733924866
2003-11-11 00:00:00 UTC,-0.5871778130531311
2003-11-16 00:00:00 UTC,-0.5599073171615601
2003-11-21 00:00:00 UTC,-0.5650350451469421
2003-11-26 00:00:00 UTC,-0.4233832359313965
2003-12-01 00:00:00 UTC,-1.071763038635254
2003-12-06 00:00:00 UTC,-1.4172512292861938
2003-12-11 00:00:00 UTC,-1.482826828956604
2003-12-16 00:00:00 UTC,-1.271013617515564
2003-12-21 00:00:00 UTC,-1.4108788967132568
2003-12-26 00:00:00 UTC,-1.2586911916732788
2003-12-31 00:00:00 UTC,-1.2790695428848267
2004-01-05 00:00:00 UTC,-1.4164438247680664
2004-01-10 00:00:00 UTC,-1.175080418586731
2004-01-15 00:00:00 UTC,-1.0984408855438232
2004-01-20 00:00:00 UTC,-0.7888007164001465
2004-01-25 00:00:00 UTC,-0.6110230684280396
2004-01-30 00:00:00 UTC,-0.49806565046310425
2004-02-04 00:00:00 UTC,-0.2938755750656128
2004-02-09 00:00:00 UTC,-0.16483402252197266
2004-02-14 00:00:00 UTC,-0.03999466449022293
2004-02-19 00:00:00 UTC,0.13461661338806152
2004-02-24 00:00:00 UTC,0.015005880035459995
2004-02-29 00:00:00 UTC,0.009991993196308613
2004-03-05 00:00:00 UTC,0.19039377570152283
2004-03-10 00:00:00 UTC,-0.014301260933279991
2004-03-15 00:00:00 UTC,-0.03548659384250641
2004-03-20 00:00:00 UTC,-0.23080584406852722
2004-03-25 00:00:00 UTC,-0.48450398445129395
2004-03-30 00:00:00 UTC,-0.5191613435745239
2004-04-04 00:00:00 UTC,-0.5406745076179504
2004-04-09 00:00:00 UTC,-0.09358189254999161
2004-04-14 00:00:00 UTC,0.16061846911907196
2004-04-19 00:00:00 UTC,-0.188347727060318
2004-04-24 00:00:00 UTC,0.39410731196403503
2004-04-29 00:00:00 UTC,0.23854051530361176
2004-05-04 00:00:00 UTC,-0.015266356989741325
2004-05-09 00:00:00 UTC,-0.2926692068576813
2004-05-14 00:00:00 UTC,-0.2681233882904053
2004-05-19 00:00:00 UTC,-0.4121243953704834
2004-05-24 00:00:00 UTC,-0.6558524370193481
2004-05-29 00:00:00 UTC,-0.7673420906066895
2004-06-03 00:00:00 UTC,-0.9138965606689453
2004-06-08 00:00:00 UTC,-1.0123687982559204
2004-06-13 00:00:00 UTC,-0.9033065438270569
2004-06-18 00:00:00 UTC,-0.5699970722198486
2004-06-23 00:00:00 UTC,-0.25469186902046204
2004-06-28 00:00:00 UTC,0.10651646554470062
2004-07-03 00:00:00 UTC,0.28560584783554077
2004-07-08 00:00:00 UTC,-0.05325237661600113
2004-07-13 00:00:00 UTC,-0.2684743106365204
2004-07-18 00:00:00 UTC,0.11969181150197983
2004-07-23 00:00:00 UTC,0.07015920430421829
2004-07-28 00:00:00 UTC,0.0869634598493576
2004-08-02 00:00:00 UTC,-0.018329787999391556
2004-08-07 00:00:00 UTC,0.2056063711643219
2004-08-12 00:00:00 UTC,0.15892526507377625
2004-08-17 00:00:00 UTC,0.26927250623703003
2004-08-22 00:00:00 UTC,0.7833634614944458
2004-08-27 00:00:00 UTC,0.9389417171478271
2004-09-01 00:00:00 UTC,1.1789090633392334
2004-09-06 00:00:00 UTC,1.5959513187408447
2004-09-11 00:00:00 UTC,1.5613696575164795
2004-09-16 00:00:00 UTC,0.9565763473510742
2004-09-21 00:00:00 UTC,0.821990966796875
2004-09-26 00:00:00 UTC,0.6323602795600891
2004-10-01 00:00:00 UTC,0.647895097732544
2004-10-06 00:00:00 UTC,0.7915031909942627
2004-10-11 00:00:00 UTC,0.8991819620132446
2004-10-16 00:00:00 UTC,0.6508665680885315
2004-10-21 00:00:00 UTC,0.27216848731040955
2004-10-26 00:00:00 UTC,0.28261107206344604
2004-10-31 00:00:00 UTC,0.39211469888687134
2004-11-05 00:00:00 UTC,0.20479293167591095
2004-11-10 00:00:00 UTC,0.3369935154914856
2004-11-15 00:00:00 UTC,0.43443942070007324
2004-11-20 00:00:00 UTC,0.12811625003814697
2004-11-25 00:00:00 UTC,0.23824363946914673
2004-11-30 00:00:00 UTC,0.450580358505249
2004-12-05 00:00:00 UTC,0.36986616253852844
2004-12-10 00:00:00 UTC,0.5482646226882935
2004-12-15 00:00:00 UTC,0.6035438179969788
2004-12-20 00:00:00 UTC,0.48212096095085144
2004-12-25 00:00:00 UTC,0.4216589331626892
2004-12-30 00:00:00 UTC,0.1780155748128891
2005-01-05 00:00:00 UTC,0.18093594908714294
2005-01-10 00:00:00 UTC,0.32104116678237915
2005-01-15 00:00:00 UTC,0.43560847640037537
2005-01-20 00:00:00 UTC,0.48940309882164
2005-01-25 00:00:00 UTC,0.4949434995651245
2005-01-30 00:00:00 UTC,0.7266073226928711
2005-02-04 00:00:00 UTC,0.7610355019569397
2005-02-09 00:00:00 UTC,0.7222557663917542
2005-02-14 00:00:00 UTC,0.5806431174278259
2005-02-19 00:00:00 UTC,0.4084738790988922
2005-02-24 00:00:00 UTC,0.3049890398979187
2005-03-01 00:00:00 UTC,0.009511570446193218
2005-03-06 00:00:00 UTC,-0.1416851431131363
2005-03-11 00:00:00 UTC,-0.2628885507583618
2005-03-16 00:00:00 UTC,0.03240548074245453
2005-03-21 00:00:00 UTC,0.2513366937637329
2005-03-26 00:00:00 UTC,0.38297146558761597
2005-03-31 00:00:00 UTC,0.5250186324119568
2005-04-05 00:00:00 UTC,0.39172688126564026
2005-04-10 00:00:00 UTC,0.413226842880249
2005-04-15 00:00:00 UTC,0.272686243057251
2005-04-20 00:00:00 UTC,0.19026337563991547
2005-04-25 00:00:00 UTC,0.3754917085170746
2005-04-30 00:00:00 UTC,0.28986215591430664
2005-05-05 00:00:00 UTC,0.20449985563755035
2005-05-10 00:00:00 UTC,0.12209301441907883
2005-05-15 00:00:00 UTC,0.21469426155090332
2005-05-20 00:00:00 UTC,0.02242591232061386
2005-05-25 00:00:00 UTC,-0.1480531096458435
2005-05-30 00:00:00 UTC,-0.015473362058401108
2005-06-04 00:00:00 UTC,0.34343478083610535
2005-06-09 00:00:00 UTC,0.3119260370731354
2005-06-14 00:00:00 UTC,0.4163113534450531
2005-06-19 00:00:00 UTC,0.3244750499725342
2005-06-24 00:00:00 UTC,0.22556956112384796
2005-06-29 00:00:00 UTC,0.10963815450668335
2005-07-04 00:00:00 UTC,0.052697621285915375
2005-07-09 00:00:00 UTC,-0.17374296486377716
2005-07-14 00:00:00 UTC,-0.3000500798225403
2005-07-19 00:00:00 UTC,-0.4014018177986145
2005-07-24 00:00:00 UTC,-0.7310895919799805
2005-07-29 00:00:00 UTC,-0.8945192098617554
2005-08-03 00:00:00 UTC,-1.0351334810256958
2005-08-08 00:00:00 UTC,-0.8569107055664062
2005-08-13 00:00:00 UTC,-0.5789297819137573
2005-08-18 00:00:00 UTC,-0.4037497043609619
2005-08-23 00:00:00 UTC,-0.23359589278697968
2005-08-28 00:00:00 UTC,-0.45179030299186707
2005-09-02 00:00:00 UTC,-0.7813666462898254
2005-09-07 00:00:00 UTC,-0.6979283094406128
2005-09-12 00:00:00 UTC,-1.0362365245819092
2005-09-17 00:00:00 UTC,-0.9680753350257874
2005-09-22 00:00:00 UTC,-1.0755046606063843
2005-09-27 00:00:00 UTC,-1.094259262084961
2005-10-02 00:00:00 UTC,-1.019736886024475
2005-10-07 00:00:00 UTC,-0.9178517460823059
2005-10-12 00:00:00 UTC,-0.15744273364543915
2005-10-17 00:00:00 UTC,-0.10288272798061371
2005-10-22 00:00:00 UTC,0.2489158809185028
2005-10-27 00:00:00 UTC,0.25252968072891235
2005-11-01 00:00:00 UTC,0.32607191801071167
2005-11-06 00:00:00 UTC,0.17131353914737701
2005-11-11 00:00:00 UTC,-0.33413514494895935
2005-11-16 00:00:00 UTC,-0.2514820396900177
2005-11-21 00:00:00 UTC,-0.35429811477661133
2005-11-26 00:00:00 UTC,-0.366049200296402
2005-12-01 00:00:00 UTC,-0.28745368123054504
2005-12-06 00:00:00 UTC,-0.18823868036270142
2005-12-11 00:00:00 UTC,0.03618328645825386
2005-12-16 00:00:00 UTC,0.14543351531028748
2005-12-21 00:00:00 UTC,0.29229146242141724
2005-12-26 00:00:00 UTC,0.1294320523738861
2005-12-31 00:00:00 UTC,0.0646798312664032
2006-01-05 00:00:00 UTC,0.03168567270040512
2006-01-10 00:00:00 UTC,-1.2231723070144653
2006-01-15 00:00:00 UTC,-1.4438917636871338
2006-01-20 00:00:00 UTC,-1.7434024810791016
2006-01-25 00:00:00 UTC,-1.5346169471740723
2006-01-30 00:00:00 UTC,-1.7357929944992065
2006-02-04 00:00:00 UTC,-1.7445077896118164
2006-02-09 00:00:00 UTC,-1.5266985893249512
2006-02-14 00:00:00 UTC,-1.7331022024154663
2006-02-19 00:00:00 UTC,-1.5268000364303589
2006-02-24 00:00:00 UTC,-1.4753696918487549
2006-03-01 00:00:00 UTC,-1.8112274408340454
2006-03-06 00:00:00 UTC,-2.0219738483428955
2006-03-11 00:00:00 UTC,-1.899320363998413
2006-03-16 00:00:00 UTC,-1.8584363460540771
2006-03-21 00:00:00 UTC,-1.459316611289978
2006-03-26 00:00:00 UTC,-1.1056541204452515
2006-03-31 00:00:00 UTC,-0.9207085371017456
2006-04-05 00:00:00 UTC,-1.0416669845581055
2006-04-10 00:00:00 UTC,-0.9559617638587952
2006-04-15 00:00:00 UTC,-1.11502206325531
2006-04-20 00:00:00 UTC,-1.474991798400879
2006-04-25 00:00:00 UTC,-1.4972656965255737
2006-04-30 00:00:00 UTC,-1.3463339805603027
2006-05-05 00:00:00 UTC,-1.3053871393203735
2006-05-10 00:00:00 UTC,-1.1221222877502441
2006-05-15 00:00:00 UTC,-1.3224676847457886
2006-05-20 00:00:00 UTC,-1.4285959005355835
2006-05-25 00:00:00 UTC,-1.4189542531967163
2006-05-30 00:00:00 UTC,-1.3369712829589844
2006-06-04 00:00:00 UTC,-1.3262245655059814
2006-06-09 00:00:00 UTC,-1.4326084852218628
2006-06-14 00:00:00 UTC,-1.471031665802002
2006-06-19 00:00:00 UTC,-1.7477529048919678
2006-06-24 00:00:00 UTC,-1.7233374118804932
2006-06-29 00:00:00 UTC,-1.4579020738601685
2006-07-04 00:00:00 UTC,-1.3323750495910645
2006-07-09 00:00:00 UTC,-0.9496275186538696
2006-07-14 00:00:00 UTC,-0.9181580543518066
2006-07-19 00:00:00 UTC,-0.8422054052352905
2006-07-24 00:00:00 UTC,-0.6624349355697632
2006-07-29 00:00:00 UTC,-0.6870798468589783
2006-08-03 00:00:00 UTC,-0.5204145312309265
2006-08-08 00:00:00 UTC,-0.49117112159729004
2006-08-13 00:00:00 UTC,-0.3994717001914978
2006-08-18 00:00:00 UTC,-0.0502706803381443
2006-08-23 00:00:00 UTC,0.031110195443034172
2006-08-28 00:00:00 UTC,0.5067682862281799
2006-09-02 00:00:00 UTC,0.6330267190933228
2006-09-07 00:00:00 UTC,0.9694755673408508
2006-09-12 00:00:00 UTC,1.2210651636123657
2006-09-17 00:00:00 UTC,1.5891661643981934
2006-09-22 00:00:00 UTC,1.7647761106491089
2006-09-27 00:00:00 UTC,1.7046443223953247
2006-10-02 00:00:00 UTC,1.2175686359405518
2006-10-07 00:00:00 UTC,0.5091771483421326
2006-10-12 00:00:00 UTC,0.8345929384231567
2006-10-17 00:00:00 UTC,1.205289602279663
2006-10-22 00:00:00 UTC,1.2964982986450195
2006-10-27 00:00:00 UTC,1.5124937295913696
2006-11-01 00:00:00 UTC,1.4357322454452515
2006-11-06 00:00:00 UTC,1.382167100906372
2006-11-11 00:00:00 UTC,1.2664545774459839
2006-11-16 00:00:00 UTC,1.2502628564834595
2006-11-21 00:00:00 UTC,1.1471974849700928
2006-11-26 00:00:00 UTC,0.8895673155784607
2006-12-01 00:00:00 UTC,0.92436683177948
2006-12-06 00:00:00 UTC,0.9049358367919922
2006-12-11 00:00:00 UTC,0.6597747206687927
2006-12-16 00:00:00 UTC,0.5654057264328003
2006-12-21 00:00:00 UTC,0.7166839241981506
2006-12-26 00:00:00 UTC,0.7056989073753357
2006-12-31 00:00:00 UTC,1.3413898944854736
2007-01-05 00:00:00 UTC,1.495413899421692
2007-01-10 00:00:00 UTC,0.9910802245140076
2007-01-15 00:00:00 UTC,1.0224497318267822
2007-01-20 00:00:00 UTC,0.9890487790107727
2007-01-25 00:00:00 UTC,0.7661121487617493
2007-01-30 00:00:00 UTC,0.8441228866577148
2007-02-04 00:00:00 UTC,0.9200231432914734
2007-02-09 00:00:00 UTC,0.9989490509033203
2007-02-14 00:00:00 UTC,1.2153874635696411
2007-02-19 00:00:00 UTC,1.5892345905303955
2007-02-24 00:00:00 UTC,1.7619242668151855
2007-03-01 00:00:00 UTC,1.6756842136383057
2007-03-06 00:00:00 UTC,1.6042612791061401
2007-03-11 00:00:00 UTC,1.6318178176879883
2007-03-16 00:00:00 UTC,1.5792181491851807
2007-03-21 00:00:00 UTC,0.2551943361759186
2007-03-26 00:00:00 UTC,0.5509511232376099
2007-03-31 00:00:00 UTC,0.14695395529270172
2007-04-05 00:00:00 UTC,-0.18165570497512817
2007-04-10 00:00:00 UTC,0.004990133456885815
2007-04-15 00:00:00 UTC,0.012512946501374245
2007-04-20 00:00:00 UTC,-0.06556713581085205
2007-04-25 00:00:00 UTC,0.3385262191295624
2007-04-30 00:00:00 UTC,0.1818864792585373
2007-05-05 00:00:00 UTC,0.12800580263137817
2007-05-10 00:00:00 UTC,0.2192089855670929
2007-05-15 00:00:00 UTC,0.18808628618717194
2007-05-20 00:00:00 UTC,0.14035727083683014
2007-05-25 00:00:00 UTC,0.2738082706928253
2007-05-30 00:00:00 UTC,0.34537947177886963
2007-06-04 00:00:00 UTC,0.3868125081062317
2007-06-09 00:00:00 UTC,0.20154185593128204
2007-06-14 00:00:00 UTC,0.4927947521209717
2007-06-19 00:00:00 UTC,0.5732172727584839
2007-06-24 00:00:00 UTC,0.36377036571502686
2007-06-29 00:00:00 UTC,0.39065930247306824
2007-07-04 00:00:00 UTC,0.40456825494766235
2007-07-09 00:00:00 UTC,0.31125491857528687
2007-07-14 00:00:00 UTC,0.14020051062107086
2007-07-19 00:00:00 UTC,0.004497376270592213
2007-07-24 00:00:00 UTC,-0.3882220685482025
2007-07-29 00:00:00 UTC,-0.03275623172521591
2007-08-03 00:00:00 UTC,-0.11012724041938782
2007-08-08 00:00:00 UTC,-0.07328643649816513
2007-08-13 00:00:00 UTC,-0.1522935926914215
2007-08-18 00:00:00 UTC,0.06048591434955597
2007-08-23 00:00:00 UTC,-0.14774475991725922
2007-08-28 00:00:00 UTC,-0.21967390179634094
2007-09-02 00:00:00 UTC,-0.17071452736854553
2007-09-07 00:00:00 UTC,0.022896917536854744
2007-09-12 00:00:00 UTC,-0.2396409958600998
2007-09-17 00:00:00 UTC,-0.0878668799996376
2007-09-22 00:00:00 UTC,-0.1651717871427536
2007-09-27 00:00:00 UTC,1.682586589595303E-4
2007-10-02 00:00:00 UTC,0.0029668507631868124
2007-10-07 00:00:00 UTC,-0.11993984133005142
2007-10-12 00:00:00 UTC,-0.20857954025268555
2007-10-17 00:00:00 UTC,-0.11975614726543427
2007-10-22 00:00:00 UTC,-0.00205038720741868
2007-10-27 00:00:00 UTC,-0.27059298753738403
2007-11-01 00:00:00 UTC,-0.45947515964508057
2007-11-06 00:00:00 UTC,-0.83309406042099
2007-11-11 00:00:00 UTC,-0.8479947447776794
2007-11-16 00:00:00 UTC,-1.0643559694290161
2007-11-21 00:00:00 UTC,-1.2039343118667603
2007-11-26 00:00:00 UTC,-1.2148630619049072
2007-12-01 00:00:00 UTC,-1.3630611896514893
2007-12-06 00:00:00 UTC,-1.1223833560943604
2007-12-11 00:00:00 UTC,-0.8335996270179749
2007-12-16 00:00:00 UTC,-0.47732576727867126
2007-12-21 00:00:00 UTC,-0.37312695384025574
2007-12-26 00:00:00 UTC,-0.45000436902046204
2007-12-31 00:00:00 UTC,-0.25488290190696716
2008-01-05 00:00:00 UTC,-0.0719003677368164
2008-01-10 00:00:00 UTC,0.29779306054115295
2008-01-15 00:00:00 UTC,0.06244244426488876
2008-01-20 00:00:00 UTC,0.07756762206554413
2008-01-25 00:00:00 UTC,0.23123374581336975
2008-01-30 00:00:00 UTC,0.32743725180625916
2008-02-04 00:00:00 UTC,0.49002617597579956
2008-02-09 00:00:00 UTC,0.8754798173904419
2008-02-14 00:00:00 UTC,1.1158034801483154
2008-02-19 00:00:00 UTC,1.462323784828186
2008-02-24 00:00:00 UTC,1.424978256225586
2008-02-29 00:00:00 UTC,1.0742547512054443
2008-03-05 00:00:00 UTC,1.0505505800247192
2008-03-10 00:00:00 UTC,0.5846933126449585
2008-03-15 00:00:00 UTC,0.3719216585159302
2008-03-20 00:00:00 UTC,0.37932005524635315
2008-03-25 00:00:00 UTC,0.2745898962020874
2008-03-30 00:00:00 UTC,0.030896782875061035
2008-04-04 00:00:00 UTC,-0.006723015569150448
2008-04-09 00:00:00 UTC,-0.18119750916957855
2008-04-14 00:00:00 UTC,0.04126882925629616
2008-04-19 00:00:00 UTC,-0.09552887082099915
2008-04-24 00:00:00 UTC,-0.45107269287109375
2008-04-29 00:00:00 UTC,-0.5825653076171875
2008-05-04 00:00:00 UTC,-0.6249422430992126
2008-05-09 00:00:00 UTC,-0.6506046056747437
2008-05-14 00:00:00 UTC,-0.6325912475585938
2008-05-19 00:00:00 UTC,-0.6792780160903931
2008-05-24 00:00:00 UTC,-0.7824424505233765
2008-05-29 00:00:00 UTC,-0.864075243473053
2008-06-03 00:00:00 UTC,-0.9834732413291931
2008-06-08 00:00:00 UTC,-0.8713897466659546
2008-06-13 00:00:00 UTC,-0.8858283758163452
2008-06-18 00:00:00 UTC,-0.9877047538757324
2008-06-23 00:00:00 UTC,-0.9043850898742676
2008-06-28 00:00:00 UTC,-0.8882755041122437
2008-07-03 00:00:00 UTC,-0.8310629725456238
2008-07-08 00:00:00 UTC,-0.8954598903656006
2008-07-13 00:00:00 UTC,-1.0465435981750488
2008-07-18 00:00:00 UTC,-1.0545130968093872
2008-07-23 00:00:00 UTC,-0.9354057908058167
2008-07-28 00:00:00 UTC,-0.8660125136375427
2008-08-02 00:00:00 UTC,-0.9726359248161316
2008-08-07 00:00:00 UTC,-0.7176746129989624
2008-08-12 00:00:00 UTC,-0.7732604146003723
2008-08-17 00:00:00 UTC,-0.1633988618850708
2008-08-22 00:00:00 UTC,-0.2296931892633438
2008-08-27 00:00:00 UTC,-0.21640847623348236
2008-09-01 00:00:00 UTC,-0.07979527860879898
2008-09-06 00:00:00 UTC,-0.25536632537841797
2008-09-11 00:00:00 UTC,-0.0011318461038172245
2008-09-16 00:00:00 UTC,0.23171527683734894
2008-09-21 00:00:00 UTC,0.11780282109975815
2008-09-26 00:00:00 UTC,0.22879302501678467
2008-10-01 00:00:00 UTC,0.1704474836587906
2008-10-06 00:00:00 UTC,0.057170599699020386
2008-10-11 00:00:00 UTC,0.33385372161865234
2008-10-16 00:00:00 UTC,0.4971117675304413
2008-10-21 00:00:00 UTC,0.591657817363739
2008-10-26 00:00:00 UTC,0.7372612953186035
2008-10-31 00:00:00 UTC,0.8852522373199463
2008-11-05 00:00:00 UTC,0.47875863313674927
2008-11-10 00:00:00 UTC,0.3676316440105438
2008-11-15 00:00:00 UTC,-0.5073875784873962
2008-11-20 00:00:00 UTC,-0.5818317532539368
2008-11-25 00:00:00 UTC,-0.5763317942619324
2008-11-30 00:00:00 UTC,-0.37152448296546936
2008-12-05 00:00:00 UTC,-0.34282541275024414
2008-12-10 00:00:00 UTC,-0.3783800005912781
2008-12-15 00:00:00 UTC,-0.510858416557312
2008-12-20 00:00:00 UTC,-0.3538857400417328
2008-12-25 00:00:00 UTC,-0.20059335231781006
2008-12-30 00:00:00 UTC,-0.12407895177602768
2009-01-05 00:00:00 UTC,-0.14758005738258362
2009-01-10 00:00:00 UTC,-0.36560776829719543
2009-01-15 00:00:00 UTC,-0.42941737174987793
2009-01-20 00:00:00 UTC,-0.6226194500923157
2009-01-25 00:00:00 UTC,-0.5858380198478699
2009-01-30 00:00:00 UTC,-0.274242639541626
2009-02-04 00:00:00 UTC,-0.3411298990249634
2009-02-09 00:00:00 UTC,-0.6480940580368042
2009-02-14 00:00:00 UTC,-0.6003626585006714
2009-02-19 00:00:00 UTC,-0.5531716346740723
2009-02-24 00:00:00 UTC,-0.43702995777130127
2009-03-01 00:00:00 UTC,-0.8230991959571838
2009-03-06 00:00:00 UTC,-1.3951700925827026
2009-03-11 00:00:00 UTC,-1.434540033340454
2009-03-16 00:00:00 UTC,-1.55171799659729
2009-03-21 00:00:00 UTC,-1.9513453245162964
2009-03-26 00:00:00 UTC,-1.908921718597412
2009-03-31 00:00:00 UTC,-1.4402815103530884
2009-04-05 00:00:00 UTC,-1.282780647277832
2009-04-10 00:00:00 UTC,-1.1598773002624512
2009-04-15 00:00:00 UTC,-0.9722609519958496
2009-04-20 00:00:00 UTC,0.046750474721193314
2009-04-25 00:00:00 UTC,-0.3363904058933258
2009-04-30 00:00:00 UTC,-0.44456279277801514
2009-05-05 00:00:00 UTC,-0.22225089371204376
2009-05-10 00:00:00 UTC,-0.24228912591934204
2009-05-15 00:00:00 UTC,-0.4572817385196686
2009-05-20 00:00:00 UTC,-0.6127989292144775
2009-05-25 00:00:00 UTC,-0.23903022706508636
2009-05-30 00:00:00 UTC,-0.0876794084906578
2009-06-04 00:00:00 UTC,0.6025075912475586
2009-06-09 00:00:00 UTC,0.5894630551338196
2009-06-14 00:00:00 UTC,0.7683512568473816
2009-06-19 00:00:00 UTC,0.8698884844779968
2009-06-24 00:00:00 UTC,0.8451983332633972
2009-06-29 00:00:00 UTC,0.9198467135429382
2009-07-04 00:00:00 UTC,0.9987133145332336
2009-07-09 00:00:00 UTC,1.0143686532974243
2009-07-14 00:00:00 UTC,0.9563068747520447
2009-07-19 00:00:00 UTC,0.5036711096763611
2009-07-24 00:00:00 UTC,0.6908374428749084
2009-07-29 00:00:00 UTC,0.9002529978752136
2009-08-03 00:00:00 UTC,0.8166750073432922
2009-08-08 00:00:00 UTC,0.6487358212471008
2009-08-13 00:00:00 UTC,0.7269809246063232
2009-08-18 00:00:00 UTC,0.9151549339294434
2009-08-23 00:00:00 UTC,0.445814311504364
2009-08-28 00:00:00 UTC,0.42977002263069153
2009-09-02 00:00:00 UTC,0.025619585067033768
2009-09-07 00:00:00 UTC,0.06965398043394089
2009-09-12 00:00:00 UTC,-0.0747499167919159
2009-09-17 00:00:00 UTC,0.03458492457866669
2009-09-22 00:00:00 UTC,0.03261774405837059
2009-09-27 00:00:00 UTC,0.001584211247973144
2009-10-02 00:00:00 UTC,-0.20964784920215607
2009-10-07 00:00:00 UTC,-0.23158980906009674
2009-10-12 00:00:00 UTC,-0.06713393330574036
2009-10-17 00:00:00 UTC,0.09326222538948059
2009-10-22 00:00:00 UTC,0.4378475248813629
2009-10-27 00:00:00 UTC,0.2964458167552948
2009-11-01 00:00:00 UTC,0.6110619306564331
2009-11-06 00:00:00 UTC,0.6432057023048401
2009-11-11 00:00:00 UTC,0.8460603952407837
2009-11-16 00:00:00 UTC,0.8966758251190186
2009-11-21 00:00:00 UTC,1.1336147785186768
2009-11-26 00:00:00 UTC,1.1326216459274292
2009-12-01 00:00:00 UTC,1.1925358772277832
2009-12-06 00:00:00 UTC,1.274213194847107
2009-12-11 00:00:00 UTC,1.3105782270431519
2009-12-16 00:00:00 UTC,1.0942798852920532
2009-12-21 00:00:00 UTC,0.7668945789337158
2009-12-26 00:00:00 UTC,0.9215743541717529
2009-12-31 00:00:00 UTC,0.9782212972640991
2010-01-05 00:00:00 UTC,1.0070691108703613
2010-01-10 00:00:00 UTC,0.8054071068763733
2010-01-15 00:00:00 UTC,0.7299904823303223
2010-01-20 00:00:00 UTC,0.28356215357780457
2010-01-25 00:00:00 UTC,0.18929587304592133
2010-01-30 00:00:00 UTC,-0.10219192504882812
2010-02-04 00:00:00 UTC,0.09806549549102783
2010-02-09 00:00:00 UTC,0.3425031006336212
2010-02-14 00:00:00 UTC,0.10181711614131927
2010-02-19 00:00:00 UTC,0.2513245642185211
2010-02-24 00:00:00 UTC,0.46954649686813354
2010-03-01 00:00:00 UTC,0.6640849709510803
2010-03-06 00:00:00 UTC,0.3604408800601959
2010-03-11 00:00:00 UTC,0.4177086651325226
2010-03-16 00:00:00 UTC,0.5461991429328918
2010-03-21 00:00:00 UTC,0.6864451169967651
2010-03-26 00:00:00 UTC,0.8445336222648621
2010-03-31 00:00:00 UTC,0.5185529589653015
2010-04-05 00:00:00 UTC,0.3766099512577057
2010-04-10 00:00:00 UTC,0.3048159182071686
2010-04-15 00:00:00 UTC,0.1823556274175644
2010-04-20 00:00:00 UTC,0.224442720413208
2010-04-25 00:00:00 UTC,0.8258528709411621
2010-04-30 00:00:00 UTC,0.6597534418106079
2010-05-05 00:00:00 UTC,0.39183202385902405
2010-05-10 00:00:00 UTC,0.21022586524486542
2010-05-15 00:00:00 UTC,0.4973617196083069
2010-05-20 00:00:00 UTC,0.4982665181159973
2010-05-25 00:00:00 UTC,0.1879735291004181
2010-05-30 00:00:00 UTC,-0.09848937392234802
2010-06-04 00:00:00 UTC,-0.2109903246164322
2010-06-09 00:00:00 UTC,-0.5378415584564209
2010-06-14 00:00:00 UTC,-0.23104627430438995
2010-06-19 00:00:00 UTC,-0.3699191212654114
2010-06-24 00:00:00 UTC,-0.6968050003051758
2010-06-29 00:00:00 UTC,-0.5519753098487854
2010-07-04 00:00:00 UTC,-0.4136043190956116
2010-07-09 00:00:00 UTC,-0.24090248346328735
2010-07-14 00:00:00 UTC,-0.2752351760864258
2010-07-19 00:00:00 UTC,-0.3898059129714966
2010-07-24 00:00:00 UTC,-0.6126219034194946
2010-07-29 00:00:00 UTC,-0.6841620206832886
2010-08-03 00:00:00 UTC,-0.23407576978206635
2010-08-08 00:00:00 UTC,-0.06091606616973877
2010-08-13 00:00:00 UTC,-0.4600682258605957
2010-08-18 00:00:00 UTC,-0.5432309508323669
2010-08-23 00:00:00 UTC,-0.4191149175167084
2010-08-28 00:00:00 UTC,-0.3456805944442749
2010-09-02 00:00:00 UTC,-0.3440580666065216
2010-09-07 00:00:00 UTC,-0.41945186257362366
2010-09-12 00:00:00 UTC,-1.1087123155593872
2010-09-17 00:00:00 UTC,-1.1174834966659546
2010-09-22 00:00:00 UTC,-1.0489187240600586
2010-09-27 00:00:00 UTC,-1.1716437339782715
2010-10-02 00:00:00 UTC,-1.3410491943359375
2010-10-07 00:00:00 UTC,-1.3910309076309204
2010-10-12 00:00:00 UTC,-1.3351284265518188
2010-10-17 00:00:00 UTC,-1.3318979740142822
2010-10-22 00:00:00 UTC,-1.3504173755645752
2010-10-27 00:00:00 UTC,-1.2821786403656006
2010-11-01 00:00:00 UTC,-1.8513623476028442
2010-11-06 00:00:00 UTC,-2.0220775604248047
2010-11-11 00:00:00 UTC,-2.049778938293457
2010-11-16 00:00:00 UTC,-2.0261998176574707
2010-11-21 00:00:00 UTC,-2.025702953338623
2010-11-26 00:00:00 UTC,-1.9547663927078247
2010-12-01 00:00:00 UTC,-1.936007022857666
2010-12-06 00:00:00 UTC,-1.7557297945022583
2010-12-11 00:00:00 UTC,-1.7250237464904785
2010-12-16 00:00:00 UTC,-1.3186368942260742
2010-12-21 00:00:00 UTC,-1.2947250604629517
2010-12-26 00:00:00 UTC,-1.184979796409607
2010-12-31 00:00:00 UTC,-0.9556330442428589
2011-01-05 00:00:00 UTC,-0.9436621069908142
2011-01-10 00:00:00 UTC,-0.8831842541694641
2011-01-15 00:00:00 UTC,-0.7755674123764038
2011-01-20 00:00:00 UTC,-0.8813415169715881
2011-01-25 00:00:00 UTC,-0.9262155294418335
2011-01-30 00:00:00 UTC,-0.9754862785339355
2011-02-04 00:00:00 UTC,-0.6196336150169373
2011-02-09 00:00:00 UTC,-0.23626962304115295
2011-02-14 00:00:00 UTC,-0.4190536141395569
2011-02-19 00:00:00 UTC,-0.4706551134586334
2011-02-24 00:00:00 UTC,-0.4326607584953308
2011-03-01 00:00:00 UTC,-0.5191138386726379
2011-03-06 00:00:00 UTC,-0.6119983792304993
2011-03-11 00:00:00 UTC,-0.47034773230552673
2011-03-16 00:00:00 UTC,-0.6393946409225464
2011-03-21 00:00:00 UTC,-0.9121581315994263
2011-03-26 00:00:00 UTC,-1.0273011922836304
2011-03-31 00:00:00 UTC,-1.0665255784988403
2011-04-05 00:00:00 UTC,-1.3496407270431519
2011-04-10 00:00:00 UTC,-1.667009711265564
2011-04-15 00:00:00 UTC,-1.679045557975769
2011-04-20 00:00:00 UTC,-1.712581992149353
2011-04-25 00:00:00 UTC,-1.2444689273834229
2011-04-30 00:00:00 UTC,-1.1400439739227295
2011-05-05 00:00:00 UTC,-1.0962971448898315
2011-05-10 00:00:00 UTC,-1.7723321914672852
2011-05-15 00:00:00 UTC,-1.1410001516342163
2011-05-20 00:00:00 UTC,-0.6276724338531494
2011-05-25 00:00:00 UTC,-0.4589887857437134
2011-05-30 00:00:00 UTC,-0.5129107236862183
2011-06-04 00:00:00 UTC,-0.7391518950462341
2011-06-09 00:00:00 UTC,-0.7682069540023804
2011-06-14 00:00:00 UTC,-0.7912324666976929
2011-06-19 00:00:00 UTC,-0.5875968337059021
2011-06-24 00:00:00 UTC,-0.5172784328460693
2011-06-29 00:00:00 UTC,-0.6042762994766235
2011-07-04 00:00:00 UTC,-0.6181310415267944
2011-07-09 00:00:00 UTC,-0.3784836232662201
2011-07-14 00:00:00 UTC,-0.2028989940881729
2011-07-19 00:00:00 UTC,-0.20845748484134674
2011-07-24 00:00:00 UTC,-0.3684018850326538
2011-07-29 00:00:00 UTC,-0.45867910981178284
2011-08-03 00:00:00 UTC,-0.5079700946807861
2011-08-08 00:00:00 UTC,-0.47696253657341003
2011-08-13 00:00:00 UTC,-0.7569075226783752
2011-08-18 00:00:00 UTC,-1.0483908653259277
2011-08-23 00:00:00 UTC,-1.263201117515564
2011-08-28 00:00:00 UTC,-1.2501071691513062
2011-09-02 00:00:00 UTC,-1.2358037233352661
2011-09-07 00:00:00 UTC,-0.9829018712043762
2011-09-12 00:00:00 UTC,-1.0622279644012451
2011-09-17 00:00:00 UTC,-0.6936230659484863
2011-09-22 00:00:00 UTC,-0.8548914194107056
2011-09-27 00:00:00 UTC,-0.7661781907081604
2011-10-02 00:00:00 UTC,-0.7430333495140076
2011-10-07 00:00:00 UTC,-0.8528417348861694
2011-10-12 00:00:00 UTC,-0.9956139326095581
2011-10-17 00:00:00 UTC,-1.012772798538208
2011-10-22 00:00:00 UTC,-0.9604028463363647
2011-10-27 00:00:00 UTC,-0.7327083945274353
2011-11-01 00:00:00 UTC,-0.9213131070137024
2011-11-06 00:00:00 UTC,-0.5496767163276672
2011-11-11 00:00:00 UTC,-0.3449960947036743
2011-11-16 00:00:00 UTC,-0.24801312386989594
2011-11-21 00:00:00 UTC,-0.1724884957075119
2011-11-26 00:00:00 UTC,-0.18042036890983582
2011-12-01 00:00:00 UTC,-0.176177978515625
2011-12-06 00:00:00 UTC,-0.20798660814762115
2011-12-11 00:00:00 UTC,-0.150271937251091
2011-12-16 00:00:00 UTC,-0.48312804102897644
2011-12-21 00:00:00 UTC,-0.3488406836986542
2011-12-26 00:00:00 UTC,-0.14582306146621704
2011-12-31 00:00:00 UTC,-0.08928484469652176
2012-01-05 00:00:00 UTC,-0.17390500009059906
2012-01-10 00:00:00 UTC,-0.2733096480369568
2012-01-15 00:00:00 UTC,-0.22297899425029755
2012-01-20 00:00:00 UTC,-0.1834394931793213
2012-01-25 00:00:00 UTC,-0.5377873778343201
2012-01-30 00:00:00 UTC,-0.6096271276473999
2012-02-04 00:00:00 UTC,-0.5421352982521057
2012-02-09 00:00:00 UTC,-0.44124314188957214
2012-02-14 00:00:00 UTC,-0.22731593251228333
2012-02-19 00:00:00 UTC,-0.059685371816158295
2012-02-24 00:00:00 UTC,0.0755242332816124
2012-02-29 00:00:00 UTC,0.07087982445955276
2012-03-05 00:00:00 UTC,-0.1949668973684311
2012-03-10 00:00:00 UTC,-0.3426004946231842
2012-03-15 00:00:00 UTC,-0.6800222396850586
2012-03-20 00:00:00 UTC,-0.9502284526824951
2012-03-25 00:00:00 UTC,-1.3053261041641235
2012-03-30 00:00:00 UTC,-1.3715547323226929
2012-04-04 00:00:00 UTC,-1.202354073524475
2012-04-09 00:00:00 UTC,-1.3938103914260864
2012-04-14 00:00:00 UTC,-1.38460373878479
2012-04-19 00:00:00 UTC,-1.2502667903900146
2012-04-24 00:00:00 UTC,-1.4096028804779053
2012-04-29 00:00:00 UTC,-1.3756757974624634
2012-05-04 00:00:00 UTC,-1.7536098957061768
2012-05-09 00:00:00 UTC,-1.6666799783706665
2012-05-14 00:00:00 UTC,-1.7210686206817627
2012-05-19 00:00:00 UTC,-1.830185890197754
2012-05-24 00:00:00 UTC,-1.867263913154602
2012-05-29 00:00:00 UTC,-1.8499443531036377
2012-06-03 00:00:00 UTC,-1.8832316398620605
2012-06-08 00:00:00 UTC,-1.802196979522705
2012-06-13 00:00:00 UTC,-1.7717640399932861
2012-06-18 00:00:00 UTC,-1.499592900276184
2012-06-23 00:00:00 UTC,-1.5934793949127197
2012-06-28 00:00:00 UTC,-1.5801751613616943
2012-07-03 00:00:00 UTC,-1.928459644317627
2012-07-08 00:00:00 UTC,-1.5249948501586914
2012-07-13 00:00:00 UTC,-1.588787317276001
2012-07-18 00:00:00 UTC,-1.603129506111145
2012-07-23 00:00:00 UTC,-1.7726365327835083
2012-07-28 00:00:00 UTC,-1.7766430377960205
2012-08-02 00:00:00 UTC,-1.3641297817230225
2012-08-07 00:00:00 UTC,-1.7359002828598022
2012-08-12 00:00:00 UTC,-1.8030191659927368
2012-08-17 00:00:00 UTC,-1.7343456745147705
2012-08-22 00:00:00 UTC,-1.785247802734375
2012-08-27 00:00:00 UTC,-1.7627921104431152
2012-09-01 00:00:00 UTC,-1.780940055847168
2012-09-06 00:00:00 UTC,-1.8080235719680786
2012-09-11 00:00:00 UTC,-1.8701844215393066
2012-09-16 00:00:00 UTC,-1.78473961353302
2012-09-21 00:00:00 UTC,-1.7742269039154053
2012-09-26 00:00:00 UTC,-1.6291117668151855
2012-10-01 00:00:00 UTC,-1.5540120601654053
2012-10-06 00:00:00 UTC,-1.7773780822753906
2012-10-11 00:00:00 UTC,-1.864549160003662
2012-10-16 00:00:00 UTC,-1.8724164962768555
2012-10-21 00:00:00 UTC,-1.8405437469482422
2012-10-26 00:00:00 UTC,-1.8812998533248901
2012-10-31 00:00:00 UTC,-1.9095790386199951
2012-11-05 00:00:00 UTC,-1.6899548768997192
2012-11-10 00:00:00 UTC,-1.6329357624053955
2012-11-15 00:00:00 UTC,-1.6048675775527954
2012-11-20 00:00:00 UTC,-1.6050631999969482
2012-11-25 00:00:00 UTC,-1.8784886598587036
2012-11-30 00:00:00 UTC,-1.7985845804214478
2012-12-05 00:00:00 UTC,-1.7482287883758545
2012-12-10 00:00:00 UTC,-1.6168028116226196
2012-12-15 00:00:00 UTC,-1.913210153579712
2012-12-20 00:00:00 UTC,-1.7232834100723267
2012-12-25 00:00:00 UTC,-1.8843759298324585
2012-12-30 00:00:00 UTC,-1.9223779439926147
2013-01-05 00:00:00 UTC,-2.01008939743042
2013-01-10 00:00:00 UTC,-2.032470703125
2013-01-15 00:00:00 UTC,-1.91389799118042
2013-01-20 00:00:00 UTC,-1.8542473316192627
2013-01-25 00:00:00 UTC,-1.9572137594223022
2013-01-30 00:00:00 UTC,-1.8546383380889893
2013-02-04 00:00:00 UTC,-1.8688292503356934
2013-02-09 00:00:00 UTC,-1.9410350322723389
2013-02-14 00:00:00 UTC,-1.7784757614135742
2013-02-19 00:00:00 UTC,-1.785142421722412
2013-02-24 00:00:00 UTC,-1.0948477983474731
2013-03-01 00:00:00 UTC,-0.7118856906890869
2013-03-06 00:00:00 UTC,-0.5792189836502075
2013-03-11 00:00:00 UTC,-0.5488296747207642
2013-03-16 00:00:00 UTC,-0.6522132754325867
2013-03-21 00:00:00 UTC,-0.6482131481170654
2013-03-26 00:00:00 UTC,-0.31417495012283325
2013-03-31 00:00:00 UTC,-0.5154147744178772
2013-04-05 00:00:00 UTC,-0.5076760649681091
2013-04-10 00:00:00 UTC,-0.3067065179347992
2013-04-15 00:00:00 UTC,-0.08082704991102219
2013-04-20 00:00:00 UTC,0.19734156131744385
2013-04-25 00:00:00 UTC,0.3158293664455414
2013-04-30 00:00:00 UTC,0.06214405968785286
2013-05-05 00:00:00 UTC,0.12219490855932236
2013-05-10 00:00:00 UTC,0.40678223967552185
2013-05-15 00:00:00 UTC,0.264419287443161
2013-05-20 00:00:00 UTC,0.26348018646240234
2013-05-25 00:00:00 UTC,-0.12312837690114975
2013-05-30 00:00:00 UTC,-0.3050422668457031
2013-06-04 00:00:00 UTC,-0.41948315501213074
2013-06-09 00:00:00 UTC,-0.5562185645103455
2013-06-14 00:00:00 UTC,-0.676866352558136
2013-06-19 00:00:00 UTC,-0.7300739884376526
2013-06-24 00:00:00 UTC,-0.9375358819961548
2013-06-29 00:00:00 UTC,-0.9273552298545837
2013-07-04 00:00:00 UTC,-0.8130201101303101
2013-07-09 00:00:00 UTC,-1.0460004806518555
2013-07-14 00:00:00 UTC,-0.9460537433624268
2013-07-19 00:00:00 UTC,-1.0683692693710327
2013-07-24 00:00:00 UTC,-1.1703367233276367
2013-07-29 00:00:00 UTC,-0.9269765019416809
2013-08-03 00:00:00 UTC,-0.9404149651527405
2013-08-08 00:00:00 UTC,-1.024993896484375
2013-08-13 00:00:00 UTC,-0.8141162991523743
2013-08-18 00:00:00 UTC,-0.9189860820770264
2013-08-23 00:00:00 UTC,-0.7566001415252686
2013-08-28 00:00:00 UTC,-0.6829807758331299
2013-09-02 00:00:00 UTC,-0.4386596381664276
2013-09-07 00:00:00 UTC,-0.39136308431625366
2013-09-12 00:00:00 UTC,0.571712851524353
2013-09-17 00:00:00 UTC,1.0917807817459106
2013-09-22 00:00:00 UTC,1.3837692737579346
2013-09-27 00:00:00 UTC,1.707319974899292
2013-10-02 00:00:00 UTC,1.6382362842559814
2013-10-07 00:00:00 UTC,1.7277779579162598
2013-10-12 00:00:00 UTC,1.671138048171997
2013-10-17 00:00:00 UTC,1.4371546506881714
2013-10-22 00:00:00 UTC,1.441884160041809
2013-10-27 00:00:00 UTC,1.3310449123382568
2013-11-01 00:00:00 UTC,1.6108874082565308
2013-11-06 00:00:00 UTC,1.5708770751953125
2013-11-11 00:00:00 UTC,1.1487711668014526
2013-11-16 00:00:00 UTC,1.1575896739959717
2013-11-21 00:00:00 UTC,1.569042444229126
2013-11-26 00:00:00 UTC,1.7843557596206665
2013-12-01 00:00:00 UTC,1.6481472253799438
2013-12-06 00:00:00 UTC,1.7631858587265015
2013-12-11 00:00:00 UTC,1.0823487043380737
2013-12-16 00:00:00 UTC,0.27604955434799194
2013-12-21 00:00:00 UTC,0.08484207838773727
2013-12-26 00:00:00 UTC,-0.2292458564043045
2013-12-31 00:00:00 UTC,-0.17531372606754303
2014-01-05 00:00:00 UTC,-0.1397279053926468
2014-01-10 00:00:00 UTC,-0.058112528175115585
2014-01-15 00:00:00 UTC,-0.28869274258613586
2014-01-20 00:00:00 UTC,-0.5825906991958618
2014-01-25 00:00:00 UTC,-0.5051460266113281
2014-01-30 00:00:00 UTC,-0.21688997745513916
2014-02-04 00:00:00 UTC,0.040768396109342575
2014-02-09 00:00:00 UTC,0.3177856504917145
2014-02-14 00:00:00 UTC,0.43493181467056274
2014-02-19 00:00:00 UTC,0.2242719531059265
2014-02-24 00:00:00 UTC,-0.03215422108769417
2014-03-01 00:00:00 UTC,0.021192306652665138
2014-03-06 00:00:00 UTC,-0.18018682301044464
2014-03-11 00:00:00 UTC,-0.10428149253129959
2014-03-16 00:00:00 UTC,-0.030513625591993332
2014-03-21 00:00:00 UTC,-0.09534594416618347
2014-03-26 00:00:00 UTC,-0.03824318200349808
2014-03-31 00:00:00 UTC,-0.26309865713119507
2014-04-05 00:00:00 UTC,-0.1570059359073639
2014-04-10 00:00:00 UTC,-0.32290124893188477
2014-04-15 00:00:00 UTC,-0.07138116657733917
2014-04-20 00:00:00 UTC,-0.016842296347022057
2014-04-25 00:00:00 UTC,-0.22951705753803253
2014-04-30 00:00:00 UTC,-0.3611086308956146
2014-05-05 00:00:00 UTC,-0.6888912320137024
2014-05-10 00:00:00 UTC,-0.6716207265853882
2014-05-15 00:00:00 UTC,-0.3794858455657959
2014-05-20 00:00:00 UTC,-0.4305444657802582
2014-05-25 00:00:00 UTC,-0.19544865190982819
2014-05-30 00:00:00 UTC,-0.31630003452301025
2014-06-04 00:00:00 UTC,-0.4428728222846985
2014-06-09 00:00:00 UTC,-0.40142232179641724
2014-06-14 00:00:00 UTC,-0.3676973581314087
2014-06-19 00:00:00 UTC,-0.3850388824939728
2014-06-24 00:00:00 UTC,-0.3141050636768341
2014-06-29 00:00:00 UTC,-0.29092875123023987
2014-07-04 00:00:00 UTC,-0.44372063875198364
2014-07-09 00:00:00 UTC,-0.37078019976615906
2014-07-14 00:00:00 UTC,-0.13874372839927673
2014-07-19 00:00:00 UTC,0.056612979620695114
2014-07-24 00:00:00 UTC,0.10454767197370529
2014-07-29 00:00:00 UTC,0.2838875353336334
2014-08-03 00:00:00 UTC,0.7023230791091919
2014-08-08 00:00:00 UTC,0.5685036778450012
2014-08-13 00:00:00 UTC,0.3212548494338989
2014-08-18 00:00:00 UTC,0.4187729060649872
2014-08-23 00:00:00 UTC,0.3352583944797516
2014-08-28 00:00:00 UTC,0.5816650986671448
2014-09-02 00:00:00 UTC,0.7273173332214355
2014-09-07 00:00:00 UTC,0.6379957795143127
2014-09-12 00:00:00 UTC,0.8846532106399536
2014-09-17 00:00:00 UTC,0.9477229714393616
2014-09-22 00:00:00 UTC,0.9446862936019897
2014-09-27 00:00:00 UTC,0.8625285625457764
2014-10-02 00:00:00 UTC,1.1433725357055664
2014-10-07 00:00:00 UTC,1.178181767463684
2014-10-12 00:00:00 UTC,1.1965948343276978
2014-10-17 00:00:00 UTC,0.9225006699562073
2014-10-22 00:00:00 UTC,1.0736756324768066
2014-10-27 00:00:00 UTC,0.7605968117713928
2014-11-01 00:00:00 UTC,0.47571080923080444
2014-11-06 00:00:00 UTC,0.4322020411491394
2014-11-11 00:00:00 UTC,0.46207499504089355
2014-11-16 00:00:00 UTC,0.6573420763015747
2014-11-21 00:00:00 UTC,0.46477457880973816
2014-11-26 00:00:00 UTC,0.3819945156574249
2014-12-01 00:00:00 UTC,0.2980174422264099
2014-12-06 00:00:00 UTC,0.1592620611190796
2014-12-11 00:00:00 UTC,-0.09555645287036896
2014-12-16 00:00:00 UTC,0.16629119217395782
2014-12-21 00:00:00 UTC,0.1876734346151352
2014-12-26 00:00:00 UTC,0.3925001323223114
2014-12-31 00:00:00 UTC,0.07040294259786606
2015-01-05 00:00:00 UTC,0.22353458404541016
2015-01-10 00:00:00 UTC,-0.24754942953586578
2015-01-15 00:00:00 UTC,-0.008856391534209251
2015-01-20 00:00:00 UTC,-0.04464862495660782
2015-01-25 00:00:00 UTC,0.19069422781467438
2015-01-30 00:00:00 UTC,0.19111335277557373
2015-02-04 00:00:00 UTC,0.1974424421787262
2015-02-09 00:00:00 UTC,-0.01088244654238224
2015-02-14 00:00:00 UTC,-0.4086375832557678
2015-02-19 00:00:00 UTC,-0.17613133788108826
2015-02-24 00:00:00 UTC,0.1623820960521698
2015-03-01 00:00:00 UTC,0.6881325840950012
2015-03-06 00:00:00 UTC,0.7747414708137512
2015-03-11 00:00:00 UTC,0.6922926306724548
2015-03-16 00:00:00 UTC,0.422730028629303
2015-03-21 00:00:00 UTC,0.3886047303676605
2015-03-26 00:00:00 UTC,0.14017929136753082
2015-03-31 00:00:00 UTC,-0.2527734041213989
2015-04-05 00:00:00 UTC,-0.4035932123661041
2015-04-10 00:00:00 UTC,-0.5675362348556519
2015-04-15 00:00:00 UTC,-0.833462119102478
2015-04-20 00:00:00 UTC,0.03579572215676308
2015-04-25 00:00:00 UTC,-0.11647742241621017
2015-04-30 00:00:00 UTC,0.12104565650224686
2015-05-05 00:00:00 UTC,0.3368116021156311
2015-05-10 00:00:00 UTC,1.4710602760314941
2015-05-15 00:00:00 UTC,1.4784386157989502
2015-05-20 00:00:00 UTC,1.5266798734664917
2015-05-25 00:00:00 UTC,1.708391785621643
2015-05-30 00:00:00 UTC,1.3808785676956177
2015-06-04 00:00:00 UTC,1.3409898281097412
2015-06-09 00:00:00 UTC,1.3918009996414185
2015-06-14 00:00:00 UTC,1.7603141069412231
2015-06-19 00:00:00 UTC,1.7196274995803833
2015-06-24 00:00:00 UTC,1.7326914072036743
2015-06-29 00:00:00 UTC,1.7395741939544678
2015-07-04 00:00:00 UTC,1.6434996128082275
2015-07-09 00:00:00 UTC,1.9293574094772339
2015-07-14 00:00:00 UTC,1.920669436454773
2015-07-19 00:00:00 UTC,1.825345754623413
2015-07-24 00:00:00 UTC,1.9353402853012085
2015-07-29 00:00:00 UTC,1.9676318168640137
2015-08-03 00:00:00 UTC,1.9612983465194702
2015-08-08 00:00:00 UTC,1.2751895189285278
2015-08-13 00:00:00 UTC,1.2626131772994995
2015-08-18 00:00:00 UTC,0.7765853404998779
2015-08-23 00:00:00 UTC,0.3762454092502594
2015-08-28 00:00:00 UTC,0.3071480393409729
2015-09-02 00:00:00 UTC,0.3799026608467102
2015-09-07 00:00:00 UTC,0.29149630665779114
2015-09-12 00:00:00 UTC,-0.26136016845703125
2015-09-17 00:00:00 UTC,-0.5084100365638733
2015-09-22 00:00:00 UTC,-0.5156605839729309
2015-09-27 00:00:00 UTC,-0.515938937664032
2015-10-02 00:00:00 UTC,-0.672031044960022
2015-10-07 00:00:00 UTC,-0.983972430229187
2015-10-12 00:00:00 UTC,-1.1388049125671387
2015-10-17 00:00:00 UTC,-1.3910731077194214
2015-10-22 00:00:00 UTC,-0.9549301862716675
2015-10-27 00:00:00 UTC,-0.8583100438117981
2015-11-01 00:00:00 UTC,-0.8443142175674438
2015-11-06 00:00:00 UTC,-0.6534196138381958
2015-11-11 00:00:00 UTC,-0.6352107524871826
2015-11-16 00:00:00 UTC,-0.6673897504806519
2015-11-21 00:00:00 UTC,-0.4539289176464081
2015-11-26 00:00:00 UTC,-0.3539659082889557
2015-12-01 00:00:00 UTC,-0.21741442382335663
2015-12-06 00:00:00 UTC,-0.2925647497177124
2015-12-11 00:00:00 UTC,-0.26039060950279236
2015-12-16 00:00:00 UTC,0.17336028814315796
2015-12-21 00:00:00 UTC,0.2809595465660095
2015-12-26 00:00:00 UTC,0.4112732410430908
2015-12-31 00:00:00 UTC,0.4999488294124603
2016-01-05 00:00:00 UTC,0.26037999987602234
2016-01-10 00:00:00 UTC,0.6151898503303528
2016-01-15 00:00:00 UTC,0.7704809904098511
2016-01-20 00:00:00 UTC,0.2961339056491852
2016-01-25 00:00:00 UTC,0.2750745713710785
2016-01-30 00:00:00 UTC,0.34847840666770935
2016-02-04 00:00:00 UTC,0.36972007155418396
2016-02-09 00:00:00 UTC,0.25952184200286865
2016-02-14 00:00:00 UTC,0.11801218241453171
2016-02-19 00:00:00 UTC,-0.180034801363945
2016-02-24 00:00:00 UTC,-0.11366952955722809
2016-02-29 00:00:00 UTC,-0.09668425470590591
2016-03-05 00:00:00 UTC,-0.3725661039352417
2016-03-10 00:00:00 UTC,-0.25540879368782043
2016-03-15 00:00:00 UTC,-0.8750087022781372
2016-03-20 00:00:00 UTC,-0.5755366086959839
2016-03-25 00:00:00 UTC,-0.4223751127719879
2016-03-30 00:00:00 UTC,-0.3717082738876343
2016-04-04 00:00:00 UTC,-0.3898511826992035
2016-04-09 00:00:00 UTC,-0.8097949028015137
2016-04-14 00:00:00 UTC,-0.7016226053237915
2016-04-19 00:00:00 UTC,0.1563531458377838
2016-04-24 00:00:00 UTC,-0.12084897607564926
2016-04-29 00:00:00 UTC,0.434678316116333
2016-05-04 00:00:00 UTC,0.21497607231140137
2016-05-09 00:00:00 UTC,0.3347378075122833
2016-05-14 00:00:00 UTC,0.30211353302001953
2016-05-19 00:00:00 UTC,0.6385524868965149
2016-05-24 00:00:00 UTC,0.4776670038700104
2016-05-29 00:00:00 UTC,0.6629455089569092
2016-06-03 00:00:00 UTC,0.8116751313209534
2016-06-08 00:00:00 UTC,0.7889741063117981
2016-06-13 00:00:00 UTC,0.8053767085075378
2016-06-18 00:00:00 UTC,0.7122209072113037
2016-06-23 00:00:00 UTC,0.6517029404640198
2016-06-28 00:00:00 UTC,0.6016368269920349
2016-07-03 00:00:00 UTC,0.9031075835227966
2016-07-08 00:00:00 UTC,1.0174691677093506
2016-07-13 00:00:00 UTC,0.8559118509292603
2016-07-18 00:00:00 UTC,0.2206946313381195
2016-07-23 00:00:00 UTC,0.31432628631591797
2016-07-28 00:00:00 UTC,-0.2682205140590668
2016-08-02 00:00:00 UTC,-0.365745484828949
2016-08-07 00:00:00 UTC,-0.21135909855365753
2016-08-12 00:00:00 UTC,-0.21687933802604675
2016-08-17 00:00:00 UTC,-0.5380764007568359
2016-08-22 00:00:00 UTC,-0.3818325996398926
2016-08-27 00:00:00 UTC,-0.5367336273193359
2016-09-01 00:00:00 UTC,-0.36657068133354187
2016-09-06 00:00:00 UTC,-0.42365962266921997
2016-09-11 00:00:00 UTC,-0.6162387132644653
2016-09-16 00:00:00 UTC,-0.5794804096221924
2016-09-21 00:00:00 UTC,-0.6566159129142761
2016-09-26 00:00:00 UTC,-0.5158937573432922
2016-10-01 00:00:00 UTC,-1.057494044303894
2016-10-06 00:00:00 UTC,-0.9228586554527283
2016-10-11 00:00:00 UTC,-0.7435120344161987
2016-10-16 00:00:00 UTC,-0.8486860990524292
2016-10-21 00:00:00 UTC,-0.9101070165634155
2016-10-26 00:00:00 UTC,-1.130057454109192
2016-10-31 00:00:00 UTC,-1.2089060544967651
2016-11-05 00:00:00 UTC,-1.4121906757354736
2016-11-10 00:00:00 UTC,-1.7141679525375366
2016-11-15 00:00:00 UTC,-1.7589863538742065
2016-11-20 00:00:00 UTC,-1.8779442310333252
2016-11-25 00:00:00 UTC,-1.8944376707077026
2016-11-30 00:00:00 UTC,-2.0132322311401367
2016-12-05 00:00:00 UTC,-2.089897394180298
2016-12-10 00:00:00 UTC,-1.8893332481384277
2016-12-15 00:00:00 UTC,-1.9552286863327026
2016-12-20 00:00:00 UTC,-1.671167016029358
2016-12-25 00:00:00 UTC,-1.5271015167236328
2016-12-30 00:00:00 UTC,-1.5378015041351318
2017-01-05 00:00:00 UTC,-0.8678541779518127
2017-01-10 00:00:00 UTC,-0.7930253744125366
2017-01-15 00:00:00 UTC,-0.3285996615886688
2017-01-20 00:00:00 UTC,-0.014171382412314415
2017-01-25 00:00:00 UTC,0.2933499813079834
2017-01-30 00:00:00 UTC,0.39734336733818054
2017-02-04 00:00:00 UTC,0.2653103768825531
2017-02-09 00:00:00 UTC,0.19273066520690918
2017-02-14 00:00:00 UTC,0.4651308059692383
2017-02-19 00:00:00 UTC,0.31675446033477783
2017-02-24 00:00:00 UTC,0.2766730487346649
2017-03-01 00:00:00 UTC,0.16341856122016907
2017-03-06 00:00:00 UTC,-0.09780246019363403
2017-03-11 00:00:00 UTC,-0.42077329754829407
2017-03-16 00:00:00 UTC,-0.950206995010376
2017-03-21 00:00:00 UTC,-1.2197567224502563
2017-03-26 00:00:00 UTC,-0.8591156601905823
2017-03-31 00:00:00 UTC,-0.1833081990480423
2017-04-05 00:00:00 UTC,-0.1562957614660263
2017-04-10 00:00:00 UTC,-0.5585291385650635
2017-04-15 00:00:00 UTC,-1.1176704168319702
2017-04-20 00:00:00 UTC,-1.1361732482910156
2017-04-25 00:00:00 UTC,-0.9529678821563721
2017-04-30 00:00:00 UTC,-0.48816293478012085
2017-05-05 00:00:00 UTC,-0.36733731627464294
2017-05-10 00:00:00 UTC,0.007406521588563919
2017-05-15 00:00:00 UTC,-0.11094525456428528
2017-05-20 00:00:00 UTC,0.45188844203948975
2017-05-25 00:00:00 UTC,0.4048568606376648
2017-05-30 00:00:00 UTC,0.5515071153640747
2017-06-04 00:00:00 UTC,0.6347814202308655
2017-06-09 00:00:00 UTC,0.655048131942749
2017-06-14 00:00:00 UTC,0.5429518818855286
2017-06-19 00:00:00 UTC,0.6293588876724243
2017-06-24 00:00:00 UTC,0.4780433475971222
2017-06-29 00:00:00 UTC,0.28090453147888184
2017-07-04 00:00:00 UTC,0.04230710491538048
2017-07-09 00:00:00 UTC,0.1516590416431427
2017-07-14 00:00:00 UTC,0.459773987531662
2017-07-19 00:00:00 UTC,0.5162584781646729
2017-07-24 00:00:00 UTC,0.4488521218299866
2017-07-29 00:00:00 UTC,0.5964512228965759
2017-08-03 00:00:00 UTC,0.750602126121521
2017-08-08 00:00:00 UTC,0.5835293531417847
2017-08-13 00:00:00 UTC,0.7792975306510925
2017-08-18 00:00:00 UTC,0.38449525833129883
2017-08-23 00:00:00 UTC,0.324684202671051
2017-08-28 00:00:00 UTC,0.3140135705471039
2017-09-02 00:00:00 UTC,0.27542179822921753
2017-09-07 00:00:00 UTC,0.1742391139268875
2017-09-12 00:00:00 UTC,0.36026081442832947
2017-09-17 00:00:00 UTC,0.41204747557640076
2017-09-22 00:00:00 UTC,0.27799564599990845
2017-09-27 00:00:00 UTC,0.978600025177002
2017-10-02 00:00:00 UTC,1.5207768678665161
2017-10-07 00:00:00 UTC,1.5473917722702026
2017-10-12 00:00:00 UTC,1.4562950134277344
2017-10-17 00:00:00 UTC,1.0048242807388306
2017-10-22 00:00:00 UTC,0.8739888072013855
2017-10-27 00:00:00 UTC,0.622650682926178
2017-11-01 00:00:00 UTC,0.46680817008018494
2017-11-06 00:00:00 UTC,0.05891391262412071
2017-11-11 00:00:00 UTC,-0.07325910776853561
2017-11-16 00:00:00 UTC,-0.22232608497142792
2017-11-21 00:00:00 UTC,-0.15251842141151428
2017-11-26 00:00:00 UTC,-0.17271792888641357
2017-12-01 00:00:00 UTC,-0.2754742503166199
2017-12-06 00:00:00 UTC,-0.20388151705265045
2017-12-11 00:00:00 UTC,-0.34151652455329895
2017-12-16 00:00:00 UTC,-0.3845400810241699
2017-12-21 00:00:00 UTC,-0.22306080162525177
2017-12-26 00:00:00 UTC,-1.1138333082199097
2017-12-31 00:00:00 UTC,-1.7759164571762085
2018-01-05 00:00:00 UTC,-2.0101354122161865
2018-01-10 00:00:00 UTC,-2.089895486831665
2018-01-15 00:00:00 UTC,-2.0188961029052734
2018-01-20 00:00:00 UTC,-2.000236749649048
2018-01-25 00:00:00 UTC,-1.8473118543624878
2018-01-30 00:00:00 UTC,-1.8772324323654175
2018-02-04 00:00:00 UTC,-1.9676700830459595
2018-02-09 00:00:00 UTC,-1.9825948476791382
2018-02-14 00:00:00 UTC,-1.8400163650512695
2018-02-19 00:00:00 UTC,-1.8468661308288574
2018-02-24 00:00:00 UTC,-1.6000983715057373
2018-03-01 00:00:00 UTC,-1.5630266666412354
2018-03-06 00:00:00 UTC,-1.743239402770996
2018-03-11 00:00:00 UTC,-1.6461130380630493
2018-03-16 00:00:00 UTC,-1.6579915285110474
2018-03-21 00:00:00 UTC,-1.5755969285964966
2018-03-26 00:00:00 UTC,-1.6628546714782715
2018-03-31 00:00:00 UTC,-1.1020565032958984
2018-04-05 00:00:00 UTC,-1.5450245141983032
2018-04-10 00:00:00 UTC,-0.9161688089370728
2018-04-15 00:00:00 UTC,-1.0737918615341187
2018-04-20 00:00:00 UTC,-1.0389858484268188
2018-04-25 00:00:00 UTC,-1.0515981912612915
2018-04-30 00:00:00 UTC,-1.1226551532745361
2018-05-05 00:00:00 UTC,-0.7604851126670837
2018-05-10 00:00:00 UTC,-0.9176928400993347
2018-05-15 00:00:00 UTC,-1.1787538528442383
2018-05-20 00:00:00 UTC,-1.169047236442566
2018-05-25 00:00:00 UTC,-1.2927982807159424
2018-05-30 00:00:00 UTC,-1.317649245262146
2018-06-04 00:00:00 UTC,-1.3655266761779785
2018-06-09 00:00:00 UTC,-1.2541974782943726
2018-06-14 00:00:00 UTC,-1.3994946479797363
2018-06-19 00:00:00 UTC,-1.274527668952942
2018-06-24 00:00:00 UTC,-1.2518619298934937
2018-06-29 00:00:00 UTC,-1.410241961479187
2018-07-04 00:00:00 UTC,-1.3866257667541504
2018-07-09 00:00:00 UTC,-1.8779295682907104
2018-07-14 00:00:00 UTC,-1.849236249923706
2018-07-19 00:00:00 UTC,-1.6584416627883911
2018-07-24 00:00:00 UTC,-1.618461012840271
2018-07-29 00:00:00 UTC,-1.223723292350769
2018-08-03 00:00:00 UTC,-1.5154551267623901
2018-08-08 00:00:00 UTC,-1.3501088619232178
2018-08-13 00:00:00 UTC,-1.0544967651367188
2018-08-18 00:00:00 UTC,-1.0747406482696533
2018-08-23 00:00:00 UTC,-1.020950198173523
2018-08-28 00:00:00 UTC,-1.0762977600097656
2018-09-02 00:00:00 UTC,-0.993279218673706
2018-09-07 00:00:00 UTC,-0.634860098361969
2018-09-12 00:00:00 UTC,-0.5406565070152283
2018-09-17 00:00:00 UTC,-1.337814211845398
2018-09-22 00:00:00 UTC,-1.4248701333999634
2018-09-27 00:00:00 UTC,-1.3243110179901123
2018-10-02 00:00:00 UTC,-1.3367154598236084
2018-10-07 00:00:00 UTC,-0.6950463652610779
2018-10-12 00:00:00 UTC,-0.42763015627861023
2018-10-17 00:00:00 UTC,-0.41836249828338623
2018-10-22 00:00:00 UTC,-0.5592061281204224
2018-10-27 00:00:00 UTC,-0.8621628284454346
2018-11-01 00:00:00 UTC,-0.6636146903038025
2018-11-06 00:00:00 UTC,-0.5233350396156311
2018-11-11 00:00:00 UTC,-0.22498579323291779
2018-11-16 00:00:00 UTC,-0.3982752561569214
2018-11-21 00:00:00 UTC,-0.41849857568740845
2018-11-26 00:00:00 UTC,-0.21102450788021088
2018-12-01 00:00:00 UTC,-0.1259544938802719
2018-12-06 00:00:00 UTC,-0.21538491547107697
2018-12-11 00:00:00 UTC,-0.08460963517427444
2018-12-16 00:00:00 UTC,0.0907987728714943
2018-12-21 00:00:00 UTC,0.09873856604099274
2018-12-26 00:00:00 UTC,0.130633145570755
2018-12-31 00:00:00 UTC,0.3855257034301758
2019-01-05 00:00:00 UTC,0.14798612892627716
2019-01-10 00:00:00 UTC,-0.18674007058143616
2019-01-15 00:00:00 UTC,-0.025286681950092316
2019-01-20 00:00:00 UTC,0.13663780689239502
2019-01-25 00:00:00 UTC,0.23541246354579926
2019-01-30 00:00:00 UTC,0.02171381562948227
2019-02-04 00:00:00 UTC,-0.22574903070926666
2019-02-09 00:00:00 UTC,-0.27663418650627136
2019-02-14 00:00:00 UTC,-0.22582094371318817
2019-02-19 00:00:00 UTC,-0.044856514781713486
2019-02-24 00:00:00 UTC,-0.024903027340769768
2019-03-01 00:00:00 UTC,-0.028160667046904564
2019-03-06 00:00:00 UTC,0.23130759596824646
2019-03-11 00:00:00 UTC,0.4054289758205414
2019-03-16 00:00:00 UTC,1.1661845445632935
2019-03-21 00:00:00 UTC,1.1682207584381104
2019-03-26 00:00:00 UTC,1.304985523223877
2019-03-31 00:00:00 UTC,1.2042878866195679
2019-04-05 00:00:00 UTC,1.0494824647903442
2019-04-10 00:00:00 UTC,1.0527946949005127
2019-04-15 00:00:00 UTC,0.8485645651817322
2019-04-20 00:00:00 UTC,0.6460140943527222
2019-04-25 00:00:00 UTC,0.3257875144481659
2019-04-30 00:00:00 UTC,0.5314819812774658
2019-05-05 00:00:00 UTC,0.45753616094589233
2019-05-10 00:00:00 UTC,0.6276162266731262
2019-05-15 00:00:00 UTC,0.5048936009407043
2019-05-20 00:00:00 UTC,0.646724283695221
2019-05-25 00:00:00 UTC,0.804098904132843
2019-05-30 00:00:00 UTC,0.9493381977081299
2019-06-04 00:00:00 UTC,0.7483651638031006
2019-06-09 00:00:00 UTC,0.6552581191062927
2019-06-14 00:00:00 UTC,0.20293018221855164
2019-06-19 00:00:00 UTC,0.46321457624435425
2019-06-24 00:00:00 UTC,0.6745584607124329
2019-06-29 00:00:00 UTC,0.5753889083862305
2019-07-04 00:00:00 UTC,0.725481390953064
2019-07-09 00:00:00 UTC,0.7522609829902649
2019-07-14 00:00:00 UTC,0.7012921571731567
2019-07-19 00:00:00 UTC,0.7141110301017761
2019-07-24 00:00:00 UTC,0.8779101371765137
2019-07-29 00:00:00 UTC,0.7150778770446777
2019-08-03 00:00:00 UTC,0.7183564305305481
2019-08-08 00:00:00 UTC,0.40412431955337524
2019-08-13 00:00:00 UTC,0.5809183120727539
2019-08-18 00:00:00 UTC,0.13727585971355438
2019-08-23 00:00:00 UTC,-0.11283314228057861
2019-08-28 00:00:00 UTC,-0.4287165701389313
2019-09-02 00:00:00 UTC,-0.6192675232887268
2019-09-07 00:00:00 UTC,-0.6706411242485046
2019-09-12 00:00:00 UTC,-0.5991420745849609
2019-09-17 00:00:00 UTC,-1.0374407768249512
2019-09-22 00:00:00 UTC,-1.7040966749191284
2019-09-27 00:00:00 UTC,-1.6578494310379028
2019-10-02 00:00:00 UTC,-1.8606921434402466
2019-10-07 00:00:00 UTC,-1.8749470710754395
2019-10-12 00:00:00 UTC,-1.8385465145111084
2019-10-17 00:00:00 UTC,-1.9228577613830566
2019-10-22 00:00:00 UTC,-2.0240750312805176
2019-10-27 00:00:00 UTC,-1.994381070137024
2019-11-01 00:00:00 UTC,-1.7713115215301514
2019-11-06 00:00:00 UTC,-1.8404386043548584
2019-11-11 00:00:00 UTC,-1.969956398010254
2019-11-16 00:00:00 UTC,-1.9121789932250977
2019-11-21 00:00:00 UTC,-1.7657933235168457
2019-11-26 00:00:00 UTC,-1.2974892854690552
2019-12-01 00:00:00 UTC,-1.0798135995864868
2019-12-06 00:00:00 UTC,-1.0130690336227417
2019-12-11 00:00:00 UTC,-0.8855032324790955
2019-12-16 00:00:00 UTC,-0.44716116786003113
2019-12-21 00:00:00 UTC,-0.3058958947658539
2019-12-26 00:00:00 UTC,-0.368947297334671
2019-12-31 00:00:00 UTC,-0.09761828929185867
2020-01-05 00:00:00 UTC,-0.04914430156350136
2020-01-10 00:00:00 UTC,-0.031013045459985733
2020-01-15 00:00:00 UTC,0.18742041289806366
2020-01-20 00:00:00 UTC,0.16754187643527985
2020-01-25 00:00:00 UTC,-0.004052515607327223
2020-01-30 00:00:00 UTC,-0.2881178855895996
2020-02-04 00:00:00 UTC,-0.2632666230201721
2020-02-09 00:00:00 UTC,0.15224520862102509
2020-02-14 00:00:00 UTC,0.40800729393959045
2020-02-19 00:00:00 UTC,0.4026504158973694
2020-02-24 00:00:00 UTC,0.11225420981645584
2020-02-29 00:00:00 UTC,-0.06828071922063828
2020-03-05 00:00:00 UTC,-0.1674644947052002
2020-03-10 00:00:00 UTC,-0.2663227617740631
2020-03-15 00:00:00 UTC,-0.47539788484573364
2020-03-20 00:00:00 UTC,-0.12449771165847778
2020-03-25 00:00:00 UTC,-0.0960996225476265
2020-03-30 00:00:00 UTC,-0.22722384333610535
2020-04-04 00:00:00 UTC,-0.1724785566329956
2020-04-09 00:00:00 UTC,-0.31573349237442017
2020-04-14 00:00:00 UTC,-0.14221163094043732
2020-04-19 00:00:00 UTC,-0.0014745044754818082
2020-04-24 00:00:00 UTC,-0.1753682941198349
2020-04-29 00:00:00 UTC,-0.46768996119499207
2020-05-04 00:00:00 UTC,-0.45581933856010437
2020-05-09 00:00:00 UTC,-0.7965733408927917
2020-05-14 00:00:00 UTC,-0.8189548254013062
2020-05-19 00:00:00 UTC,-1.0505253076553345
2020-05-24 00:00:00 UTC,-1.0530507564544678
2020-05-29 00:00:00 UTC,-1.129323959350586
2020-06-03 00:00:00 UTC,-1.1479887962341309
2020-06-08 00:00:00 UTC,-1.0216550827026367
2020-06-13 00:00:00 UTC,-1.0457501411437988
2020-06-18 00:00:00 UTC,-1.2987581491470337
2020-06-23 00:00:00 UTC,-1.2299070358276367
2020-06-28 00:00:00 UTC,-1.2476975917816162
2020-07-03 00:00:00 UTC,-1.2557505369186401
2020-07-08 00:00:00 UTC,-1.3269786834716797
2020-07-13 00:00:00 UTC,-1.6274471282958984
2020-07-18 00:00:00 UTC,-1.6953036785125732
2020-07-23 00:00:00 UTC,-1.7718414068222046
2020-07-28 00:00:00 UTC,-1.3661022186279297
2020-08-02 00:00:00 UTC,-1.3356282711029053
2020-08-07 00:00:00 UTC,-1.1966863870620728
2020-08-12 00:00:00 UTC,-1.4400289058685303
2020-08-17 00:00:00 UTC,-1.4619991779327393
2020-08-22 00:00:00 UTC,-1.4894856214523315
2020-08-27 00:00:00 UTC,-1.4881545305252075
2020-09-01 00:00:00 UTC,-1.5189783573150635
2020-09-06 00:00:00 UTC,-1.7471632957458496
2020-09-11 00:00:00 UTC,-1.6709721088409424
2020-09-16 00:00:00 UTC,-1.6718025207519531
2020-09-21 00:00:00 UTC,-1.7747849225997925
2020-09-26 00:00:00 UTC,-1.8718409538269043
2020-10-01 00:00:00 UTC,-1.816226840019226
2020-10-06 00:00:00 UTC,-1.8375070095062256
2020-10-11 00:00:00 UTC,-1.8653825521469116
2020-10-16 00:00:00 UTC,-1.9683328866958618
2020-10-21 00:00:00 UTC,-2.0366547107696533
2020-10-26 00:00:00 UTC,-2.045166015625
2020-10-31 00:00:00 UTC,-2.0086052417755127
2020-11-05 00:00:00 UTC,-1.9903686046600342
2020-11-10 00:00:00 UTC,-1.929421305656433
2020-11-15 00:00:00 UTC,-1.805027961730957
2020-11-20 00:00:00 UTC,-1.8299586772918701
2020-11-25 00:00:00 UTC,-1.6731412410736084
2020-11-30 00:00:00 UTC,-1.798190712928772
2020-12-05 00:00:00 UTC,-1.4145821332931519
2020-12-10 00:00:00 UTC,-2.089897394180298
2020-12-15 00:00:00 UTC,-1.9520069360733032
2020-12-20 00:00:00 UTC,-1.8455379009246826
2020-12-25 00:00:00 UTC,-1.7433390617370605
2020-12-30 00:00:00 UTC,-1.3691338300704956
2021-01-05 00:00:00 UTC,-1.1411290168762207
2021-01-10 00:00:00 UTC,-0.7718592286109924
2021-01-15 00:00:00 UTC,-0.6402956247329712
2021-01-20 00:00:00 UTC,-0.5399008393287659
2021-01-25 00:00:00 UTC,-1.0297484397888184
2021-01-30 00:00:00 UTC,-0.8634315133094788
2021-02-04 00:00:00 UTC,-0.6502917408943176
2021-02-09 00:00:00 UTC,-0.7320046424865723
2021-02-14 00:00:00 UTC,-0.3081732988357544
2021-02-19 00:00:00 UTC,0.06143411621451378
2021-02-24 00:00:00 UTC,-0.07297872006893158
2021-03-01 00:00:00 UTC,-0.044040072709321976
2021-03-06 00:00:00 UTC,-0.03906567022204399
2021-03-11 00:00:00 UTC,-0.11364473402500153
2021-03-16 00:00:00 UTC,0.6004595756530762
2021-03-21 00:00:00 UTC,0.6232184767723083
2021-03-26 00:00:00 UTC,1.0181760787963867
2021-03-31 00:00:00 UTC,0.6761149168014526
2021-04-05 00:00:00 UTC,0.43139904737472534
2021-04-10 00:00:00 UTC,0.2041167914867401
2021-04-15 00:00:00 UTC,0.46606484055519104
2021-04-20 00:00:00 UTC,0.6021097302436829
2021-04-25 00:00:00 UTC,0.2682727873325348
2021-04-30 00:00:00 UTC,0.1493891328573227
2021-05-05 00:00:00 UTC,0.30138126015663147
2021-05-10 00:00:00 UTC,0.4409210681915283
2021-05-15 00:00:00 UTC,0.32687485218048096
2021-05-20 00:00:00 UTC,0.5302726626396179
2021-05-25 00:00:00 UTC,0.5850802063941956
2021-05-30 00:00:00 UTC,0.7348777055740356
2021-06-04 00:00:00 UTC,0.7946022152900696
2021-06-09 00:00:00 UTC,0.7902347445487976
2021-06-14 00:00:00 UTC,0.24082094430923462
2021-06-19 00:00:00 UTC,0.12581653892993927
2021-06-24 00:00:00 UTC,-0.0016237538075074553
2021-06-29 00:00:00 UTC,0.40502414107322693
2021-07-04 00:00:00 UTC,0.8236774206161499
2021-07-09 00:00:00 UTC,0.9748924374580383
2021-07-14 00:00:00 UTC,0.8017356991767883
2021-07-19 00:00:00 UTC,0.6815076470375061
2021-07-24 00:00:00 UTC,0.7710119485855103
2021-07-29 00:00:00 UTC,0.5585966110229492
2021-08-03 00:00:00 UTC,0.6726104617118835
2021-08-08 00:00:00 UTC,0.27618375420570374
2021-08-13 00:00:00 UTC,0.17673082649707794
2021-08-18 00:00:00 UTC,-0.0711866021156311
2021-08-23 00:00:00 UTC,-0.20480212569236755
2021-08-28 00:00:00 UTC,-0.5032016634941101
2021-09-02 00:00:00 UTC,-0.6498599648475647
2021-09-07 00:00:00 UTC,-0.49473997950553894
2021-09-12 00:00:00 UTC,-0.5108839869499207
2021-09-17 00:00:00 UTC,-0.5185108780860901
2021-09-22 00:00:00 UTC,-0.6393914818763733
2021-09-27 00:00:00 UTC,-1.1164021492004395
2021-10-02 00:00:00 UTC,-1.111168622970581
2021-10-07 00:00:00 UTC,-1.1874189376831055
2021-10-12 00:00:00 UTC,-1.158002495765686
2021-10-17 00:00:00 UTC,-1.1319005489349365
2021-10-22 00:00:00 UTC,-1.6635849475860596
2021-10-27 00:00:00 UTC,-1.7455533742904663
2021-11-01 00:00:00 UTC,-1.9910717010498047
2021-11-06 00:00:00 UTC,-1.9032280445098877
2021-11-11 00:00:00 UTC,-1.9134910106658936
2021-11-16 00:00:00 UTC,-1.9492865800857544
2021-11-21 00:00:00 UTC,-1.8880208730697632
2021-11-26 00:00:00 UTC,-1.8993544578552246
2021-12-01 00:00:00 UTC,-1.942294955253601
2021-12-06 00:00:00 UTC,-2.035569190979004
2021-12-11 00:00:00 UTC,-1.9670469760894775
2021-12-16 00:00:00 UTC,-1.95658540725708
2021-12-21 00:00:00 UTC,-1.9377363920211792
2021-12-26 00:00:00 UTC,-1.928212285041809
2021-12-31 00:00:00 UTC,-2.027432680130005
